x1,x2,x3,x4,x5,x6,y
-0.024411311655802292,0.0030925326858420726,-0.2789504455466819,-1.0,1.0,0.7422563792702798,4.206781537957342
-0.051984698983063,-1.0,0.06944604441844521,-1.0,-1.0,-1.0,9.113558320535383
-0.3307085800081879,-0.9158677522845079,-1.0,0.3605451782400567,0.3061642629399839,0.5428314150001119,0.39904971658809496
0.9047353152618649,1.0,1.0,1.0,1.0,0.8415140623255424,-9.168177539016641
-0.9147499305697744,-0.7961906835333633,-0.7926277896200009,0.1880334093362348,0.08890264901304934,-0.1757519274050296,-1.7925873510444026
0.9792596583732294,0.11494611491527751,1.0,0.9839246282875809,0.06519677892010595,0.7962226112821813,-3.4908549621478686
-0.30149684693073975,1.0,-0.472955343296098,-1.0,-0.721377412853567,-0.8036901889245645,0.6165837270039594
-0.20485937677336796,0.9812912043028577,-0.06661638379696022,-0.4153282733716198,-0.5050288172826346,-0.4011883319855655,0.2997799437004668
-1.0,-0.4740034160526716,-0.6678463678211323,-1.0,-1.0,0.44913748783853996,-0.08706296444355277
0.7752146024852218,-0.6847284151519087,0.49203956168950336,0.7776165327096487,-0.7140826684822568,-0.10269801551591212,3.553657378387315
-1.0,0.1883853661860025,-1.0,-0.03813004505585561,-0.7327249303324831,1.0,5.128915046456475
-0.37088875267240673,-0.18597949864687657,-0.24533784377732526,-0.16979746304978427,0.7341139959244185,1.0,4.080584668574961
0.8866035979174023,0.4489672391631524,1.0,0.47097283229753384,-1.0,-0.7046225685293465,4.816880638696455
-0.02585610794077753,-1.0,-0.4265266826949692,-0.352610911631716,-1.0,-1.0,3.1836838850876568
-0.23190831051795213,-1.0,0.28819211268081996,-0.4853072210969319,-0.31964304886440453,-0.6151991180696288,3.6847769320188175
-1.0,-0.5050384171226372,-1.0,-1.0,-1.0,0.08498906120157501,-2.3837551060407263
-0.10284718781346891,-0.4111674298699869,1.0,0.04090715200188927,-1.0,-1.0,0.9550668552628505
0.8396260536723816,1.0,-0.5427212120257436,0.03947690370518547,0.1519838793851307,1.0,4.974334706370622
-0.010376531330860805,0.30842742365381887,-0.27549800797196045,0.5377996641024021,-0.04203532022174794,1.0,3.567637671035032
0.3190739070713825,0.35887409044397045,0.6913525493469559,-1.0,1.0,1.0,2.7930545742097124
0.03143433129981227,-0.6931359872824044,-1.0,0.0455564511510943,0.237138604684653,0.7068340488877203,1.8165305135545402
-1.0,-1.0,-0.6916091277503305,-0.3442993969025958,-1.0,-1.0,0.843225365264115
0.23297987072417514,-0.0004954367646605728,1.0,-0.3420159446399661,1.0,0.9853206536764714,-3.1121392281646574
-1.0,-1.0,-0.7509281378599788,-0.31979526244492584,-0.7130746525977344,-0.17785457270742477,-2.5655250987029543
0.1095341923712605,-0.03889312861861649,-1.0,-0.6205846744753652,-0.9744402942866005,1.0,7.03147724577246
0.36047188436351507,-0.682109178138471,-0.4208202724504615,-0.5744128122410503,-0.24733686505861374,1.0,2.5187742408714615
0.308151087199217,0.5630311300496185,0.3796477372198932,-0.1814491146160089,0.36326445046867495,0.14651138549483433,-0.5290120630016274
0.8510389334146328,0.9996564811709111,-0.3235304573499333,-0.3018253466591641,-0.9575558624298482,-1.0,4.577128191031471
-0.1164909045213341,-0.45276937455293476,-0.9361494347180838,-1.0,-0.17188472728372917,-0.4701928291159116,-1.9271546244177287
-1.0,-0.7375753168642248,-0.20820880961909527,-0.21429109284754344,-0.4654485700372993,-0.08992777368193271,-0.8303272515892355
0.6275804958058799,-0.030405465806203236,0.8754506755076155,1.0,1.0,0.4013114042966611,-3.535842643439064
1.0,0.22900658859001544,0.22248084613491503,1.0,-0.4720069903398846,-0.45181180572224433,2.444325777296184
-0.4386775386535278,-0.4887039112477759,-1.0,0.5669577066193644,-0.20953074357332335,-1.0,2.6384533711465985
-0.3261584485185447,1.0,1.0,0.8414938342979672,0.3361952034945772,-1.0,-1.307325265592433
0.02743185368774259,0.7330038205812177,0.345377276958632,1.0,-1.0,0.7388887933520731,0.8127568310083764
1.0,0.06844435886197853,0.9786321628038241,1.0,0.3355371215954579,-1.0,-0.36561158393391846
-0.16469719801549848,1.0,0.3313838779063818,0.4553610553731593,0.18917382751921347,0.3899026929557158,-0.46849180827315584
0.18310854526061915,0.10586209740639144,-1.0,-0.7710281952676017,-0.8558006790922399,-1.0,1.0783405228202427
0.9527239104214748,-0.02171720332895627,0.6619947476374575,-0.7597070058666348,0.7052803864612591,0.8937448431393636,-2.2980045087825505
0.44031199814998584,-0.8854061558871134,-0.9771321362197332,-0.9176176843362241,-0.5762866316899047,-1.0,4.047818294495438
0.8195225801914057,0.6988069351863233,0.5783092606173816,0.11948316000392878,1.0,-0.665100690007,0.10989060046270893
0.45350614891671825,0.8805074160099005,-0.14150547200035413,0.738610070813424,-0.5262923417132909,-0.3060954901234123,2.1696708835769494
1.0,1.0,0.358607658000202,1.0,-0.4848758083172803,0.49403701580456316,2.06413583785315
-1.0,0.283016335879381,-0.9636738516347052,0.0490236938688956,0.38105029146577607,-1.0,6.404960644367733
0.3569218892716133,0.29871224621611847,0.6769105456945126,0.2814457565021671,0.21538056605632291,1.0,0.6259244386079243
-1.0,0.2361434889694861,-0.1698319015422286,-0.17491212119294985,-1.0,-0.5443752712257974,-2.8633326067425
-0.7197567732751311,-1.0,0.08136231345986966,-0.9082299815289254,-0.7060387457246362,0.37052561176388066,-0.23256623864206175
-1.0,-1.0,-1.0,-0.18287356050072834,0.22557663277006523,0.9242603263677832,1.6028095739080213
1.0,1.0,0.2818009740473202,1.0,-1.0,-0.5441415550362954,7.299832525996781
-0.9001234690005124,-0.052223064729788105,-1.0,-1.0,-0.7964051798640696,1.0,7.309872049103264
0.2953365565015903,-1.0,-0.185647281563139,-1.0,-1.0,-1.0,10.837285601034413
0.09674297151707237,0.3435185880784073,0.5254628757505213,-0.6493366569264976,-0.03497790104537879,-1.0,2.6464278078088004
0.2623565918549273,-1.0,-0.05165222340192081,0.1830637261984316,0.008962048915131193,0.9823973578984266,2.137172836902059
0.4725688804208388,1.0,0.9231970486896652,-0.4487967244843617,1.0,0.2463024552814831,-2.7300172591434118
0.4992377797624836,0.850764923689088,1.0,0.24957169953650404,0.38622412470973977,1.0,-2.884945960248006
-0.31681248348387514,-1.0,-0.36804653087460604,-0.08685441135625394,0.10114876898244507,0.4409868804580396,-1.1106850684135645
1.0,0.3768008757791763,0.46030050547276447,1.0,1.0,0.17601775817385312,-3.0665657388018284
0.04991445779222603,-0.46503795869122355,-0.33161851910084006,0.08488138359235314,0.2599746490143462,-0.9080253921908383,2.3612710815043263
1.0,0.29733284107676294,-0.7332838101871639,-1.0,1.0,1.0,1.0936219526964859
0.6888196409107348,1.0,-0.1891442035639973,1.0,0.14250216916073233,1.0,3.70583793677279
-0.6924735625671076,1.0,-0.5152645194703567,-0.11045869043859202,-0.624493387278588,0.5847192986174977,2.1265481976756337
0.7821910711431952,1.0,1.0,1.0,0.5206511630690567,-0.7863224823155579,-3.0423933387433357
1.0,0.6332756621387914,1.0,1.0,-0.32346148468386815,0.3002661852414216,-0.03413211544351258
0.1436096083555944,-1.0,-0.6438974590106324,-0.3661090885541116,-0.3495355024851181,-0.846541041229316,2.065579565706744
-1.0,-1.0,-1.0,-1.0,-0.17320699785663063,0.44109012801018077,-6.2605981519300675
-0.053446751464954756,-0.3825712236489551,0.29900499371336015,-0.15834382565451746,-1.0,-0.12357895022103738,0.6828470356424878
0.745695566827862,-0.29651141336508835,-0.8239136731923431,0.38908464137045845,-0.7716210529803715,-0.27387210302438925,2.539686216246781
0.7635978336609963,1.0,0.26781475020747014,0.6484906575999121,0.381093379475842,0.5716421341477511,-1.880567449106942
0.2966528558605645,0.5559953968836308,-0.7129748746236165,-0.3555719377913691,0.8057491426698873,1.0,6.146721126148087
-1.0,-1.0,-0.6003582895311819,-1.0,0.3562482892696016,0.2820320939605788,-5.737365448184084
0.11885349809561702,0.928933140391201,1.0,0.7472208672604018,0.7934687187031968,0.1864828069465051,-4.352728078887769
0.9506755029283763,-1.0,-0.1888746664429075,-0.6526732935228327,-0.056693199939332806,0.7141806940548938,0.0036330202602888884
-0.32477956086709714,-1.0,-1.0,-0.8668235329251361,1.0,0.09217948273219026,-5.361596473504639
1.0,1.0,1.0,-0.6915987332066101,1.0,1.0,-2.346047505195308
0.5067210492329992,0.04102762470074752,0.8313870810766428,0.4569755951648702,0.5618020551429319,0.30125855500483,-1.617889793122143
0.001652341614197056,-1.0,-0.8329150018610533,-0.01871496583340171,-0.32671410333499334,-0.9337022827699795,1.1561875672639828
1.0,1.0,0.07376327099224933,-0.13302650579075848,0.1608754436207823,-0.01733726528296918,-0.3559801365060207
-0.02845512668086264,-0.14877287757581706,-0.4536305699183839,1.0,-1.0,0.667764195459109,3.048683792994745
0.6047966651414682,-1.0,-1.0,-0.42124087079556893,1.0,0.5830818825829034,-4.857454023643691
-0.3512362993755891,-0.7008341751486162,-0.6779412589256932,-0.11384978556907477,-1.0,-0.25433373091388173,-0.7385490065854905
0.7749286078388491,0.7516553537099442,-0.8102072956686142,-0.4123448188949512,-1.0,-1.0,4.372829493082232
-0.23659661279937216,-1.0,-0.6191936326287923,-1.0,0.3430070638716298,0.43337046007949764,-3.3739480675080693
1.0,0.6245443426968513,-0.24335345697773975,1.0,1.0,-0.5500247718190765,-0.8505757965923322
1.0,1.0,0.2653696645743109,1.0,0.6848927749075024,-0.022652174358217536,-3.360752489579217
0.06673241054136836,-0.078602249172671,-1.0,0.19000312909834197,1.0,0.6463444107256526,1.6977265911782429
-0.025214885704527012,-0.2921151291963433,0.0008517034303641147,-0.24135492505515235,1.0,1.0,2.8954324200112267
0.888279471877006,1.0,0.6482413019271831,0.9965800371802316,1.0,1.0,-4.478455250888393
-0.008655715097582117,-1.0,-0.031048380117384422,0.04361631889496537,-0.8402258720560088,1.0,3.397167100496679
-1.0,-0.5267142734198262,-0.9904891342126327,-1.0,-1.0,-0.359679795834822,-1.4894618086735698
1.0,0.7083883710736676,0.13477907297502,1.0,0.5823155266021027,1.0,0.7167482122236912
-0.11978292661345535,-1.0,-1.0,-1.0,1.0,0.13377569604441508,-5.2810418652131
-0.2801055643875898,-1.0,-1.0,-0.8595805918673141,1.0,0.9792582815999735,-0.747055254767261
0.013204826698276523,-0.8170527346779044,-0.46871806872593824,0.2446930009389583,-1.0,-0.927586390935307,1.863504034124383
-1.0,-0.6352268996981767,-0.3192325889217966,-1.0,0.9484508886109366,1.0,4.688185063381171
-0.29839874321038284,0.11649143247780291,0.6693670652235599,0.7363829032721303,0.860155532291609,1.0,2.117721721122909
-1.0,-1.0,-0.5440408991692217,-0.30045930843806024,-0.2481812601215898,0.5005777970528114,-2.840588505176702
-1.0,-0.16650009220487372,0.2795163391719542,-1.0,-1.0,-0.01854156837034321,-0.378567759702956
-0.33014937641019,-0.7581730315722004,1.0,0.13986711841837876,1.0,0.3428763440535276,-0.521125581151749
-0.1033177780273613,-0.9957179071866438,-0.881854377905003,-1.0,1.0,1.0,-1.319867231497371
0.6588695338252806,-0.042799905522221904,0.07915840089610013,-0.5219986864875901,-0.013326415768119215,0.5073494257672637,0.1520317318187265
-0.9814558213199701,-0.4422933873961836,-0.7420233800861955,-0.6420395748709253,-1.0,-0.8505337147099453,1.1440562224406163
-1.0,-1.0,-0.8312938013275845,-1.0,-1.0,-0.25712286665023365,-0.03572261829153811
-0.9631066815505047,-0.5513421928682436,1.0,0.053465457446896736,-0.7976448775558016,0.04998201157749632,-2.3830432274895195
-0.043721349486784855,1.0,0.30042821407536086,-0.2540419989584692,0.7975279974420069,-0.23074896244004095,-0.6163503429174324
0.11349740645192208,-0.19826789824363578,-0.3896667431987989,-0.5601354626451776,-1.0,-1.0,1.9554405655084177
0.76322478050235,0.8179269286235697,1.0,0.3076761812221993,-0.49198909316166173,0.9394442034585395,-0.3972046218442884
-0.48236025295054086,-0.27020724651033556,-0.09055145767367434,-0.965284237055843,-1.0,-0.60447807895149,1.8733901353275582
1.0,-0.18407332783733588,-1.0,0.4782068522327627,-0.4507375001030517,1.0,6.0669010524003015
1.0,1.0,1.0,-0.5437011600464237,-0.44538627135708264,-0.4585860972531832,0.16774737195681674
0.39141877801907443,0.8989526270310157,1.0,1.0,0.2560349433464614,-0.3899291709707726,-2.5837474446255433
1.0,-0.09742289767615708,1.0,0.6954941644984779,-0.7374724513795091,-0.5993775438648099,5.4834228528544156
1.0,1.0,-0.22973980094265356,0.8012068422489278,-0.665641653083776,0.5736868234723101,5.668919767018325
0.2182993427819534,-1.0,-0.4125807820518394,0.24246350291463598,-1.0,-1.0,3.3860609704742033
0.03746560786399533,0.18982568745559653,-1.0,0.06653929557373522,0.5323495021414519,0.4066313187094951,1.2823699834370876
-1.0,0.09581691131715131,-1.0,-0.7847393260675475,-1.0,-0.17513000107169008,-2.9768642598585817
0.7721221521623064,1.0,-1.0,-0.8551651988169523,-1.0,0.15501926523309878,7.65412172367762
1.0,1.0,0.2904445847372491,1.0,-1.0,-0.6286149014903757,8.168989699594057
-0.2601863567407734,0.7363363722516059,0.8448834007857134,-0.4419930966368662,-0.936602121722008,-0.3415278857565851,-1.8116547999655859
0.2075100263933775,1.0,0.5851854852471134,0.792987546347095,0.03058450004158353,-0.1042644866025596,-1.6256215160406298
-0.26804414639950236,1.0,1.0,1.0,-1.0,-0.3847265510279707,-1.28477843182528
0.36009026150818013,-0.6974365039716737,-0.05286895991981633,-1.0,-0.6610181142308025,-0.7161402286294037,5.655649263568866
-0.0526560214975586,0.5179893543262342,-0.12874624346509145,-0.4820177732688178,-0.07791678404035518,-0.24305927622197887,-0.11720247165003558
-0.833973336419711,-0.20543097473944627,-1.0,-1.0,0.1495210364692663,-0.44228661272819775,-0.9592186406989481
0.8740012144169464,-0.8646334520240805,-0.9690474242018495,0.08527071726494051,-0.47242052035994453,-0.43891440193972353,1.3609346559862976
-0.31552837137360384,-0.30598155295765916,-0.13311854204252294,0.21309492951488274,-1.0,0.26614780274618194,-1.4396020184996101
0.5808107420537834,-0.015691958110365056,-0.6135791865808944,0.5202599139693052,-0.9257711541612876,-0.31570767121991783,1.2484340822066073
-1.0,-0.00732616714349188,-1.0,-1.0,0.7040431901311457,1.0,6.886266861365105
-0.5637855204597295,-0.7926027713632766,-0.7898982656450881,-1.0,1.0,0.002803549796099425,-2.043139741684104
0.23771270446563203,1.0,-0.3463816081603338,0.1516614826152629,-1.0,0.13939721543864764,1.823789838512192
0.8116492150408263,1.0,0.5134974888306629,1.0,0.6309566046343674,-0.6499540886950556,0.07235123162496859
1.0,1.0,1.0,0.8543496044390264,-1.0,0.8115300205239858,2.244714553702871
-0.778008592682669,0.11850839956553505,0.8614769377669245,-0.240783272219238,-0.9375545105459699,-1.0,-0.9954818259906462
0.3107113643586972,-0.6675693188173597,-0.5367278603799029,-0.966187346577353,-1.0,1.0,8.707190636176763
-0.940404105563542,-0.8695143116522774,-0.20115834568614233,-0.5505563262341238,-0.7692433469552444,-1.0,2.360348002557139
1.0,1.0,-0.43388179323321363,-1.0,0.3687884353962657,-1.0,0.7388855336492857
0.9407094015887468,0.8089133761152714,-0.6943337716756557,0.1420468278095765,-0.3663248353502757,-0.1771934316605983,2.083541447070901
-0.19940705797343022,-1.0,0.45701377162614076,-0.7148249496765854,1.0,0.5838804839626206,-0.5844996901695185
-0.4604524353251276,-1.0,-0.1776424100894236,-1.0,1.0,1.0,1.3333283465392571
0.7879999346221568,0.9409850696007116,-1.0,0.180665730307619,0.64449122840103,-0.05857222622321301,0.02168829189133928
1.0,-0.4516273618562791,1.0,0.13602182642673183,0.6139631201897728,0.28979027173941524,-3.1894000550343207
0.3225393785948058,-1.0,-0.09158158822778042,0.47975433361981373,0.3000955535047358,0.8787525714808038,1.7401275401416658
0.2556722107550434,0.8121513417458159,1.0,0.4731279421556954,0.18792153349500573,-0.9701518014809385,0.41541788904939037
0.756430247108174,0.3665812012999117,-0.5195331345457168,1.0,-0.5213305638966464,0.9732735016165024,3.382086785690235
-1.0,-1.0,-0.25591763018700475,-1.0,-0.6517007674119781,-1.0,4.897866554820632
0.5339169057551946,1.0,0.41596041084452207,0.8580209865318611,-0.07847772501590755,0.6990472461791868,-0.013032439558669673
-0.2149910895614,-0.1484206124122971,-0.7610135288886762,-0.10470643469069718,-1.0,-0.5727074543949485,-0.6930667785098462
0.6740049905661294,0.38547511229553955,0.40278143262000765,0.5877388621120812,0.23044398531542903,0.030761554589823437,-0.7470133957386498
0.12459793597863768,-0.8157284834737314,-0.22332310011705347,-0.14392221673503364,-0.206271664706552,0.4903725367503632,-0.0024063803689666624
0.7321666240151112,-0.5560138193766408,0.9907622890563195,1.0,1.0,1.0,-3.8183943284219186
-0.48629828765851224,-0.9039932249919522,-0.32022666464250465,-0.5171840666154098,-0.5144207657490222,-0.0984450491138189,-0.30116189283785905
1.0,1.0,0.6966213601752018,1.0,0.310797238896127,1.0,-3.071221365956697
0.14131435984342722,1.0,0.21405140800998868,0.7685094517097243,1.0,0.47578763031925836,-0.3999348721111087
1.0,0.09787416565682805,0.8307294842807822,0.5109823522459074,-0.7428211179460747,-0.633170872836641,4.863723136122224
-0.9014739694439806,-0.761764575172595,-0.5964339049180143,-1.0,-1.0,-0.2775839389445407,0.4300215795737704
-1.0,-1.0,0.24908602213868547,-0.3038350979404908,0.8535998123834454,0.1789585305051143,3.0644809635720542
-0.7743549379769311,-0.515629008304932,-0.7350246046807611,-0.9492464191700327,-1.0,-0.06284118623235058,0.03503327991805888
-0.8529575850683808,-0.5216735599687716,-0.890908781167107,-0.5748608704752234,1.0,0.46329633563420985,-0.18248824535194835
1.0,1.0,0.05428974063683456,1.0,-0.8855357655118208,-0.9222521490838139,10.93530105339391
-1.0,-0.09131437615103721,-0.8534666150466881,-0.8691464325364241,-1.0,0.15968652023824814,-3.917353765208497
0.8980867768018694,0.817446536532316,0.000850391015225771,-0.13349153328773466,0.4986474664518564,0.23593531355223274,-0.46935783855190094
-1.0,-0.9381670410399295,-1.0,-0.3850401640110771,0.20036223510955442,1.0,2.4485615135611267
1.0,0.6291520998415816,0.7833617804961825,0.018987695612483257,-0.9981952354877984,-0.6748289533723616,5.36600476145756
-0.6294646174814836,-1.0,-0.9654311823462278,-0.7695635644903916,-0.20460424276270806,-0.41596076490567624,-2.0847395884963995
-0.9828572529426267,-1.0,-1.0,-0.3148681506895863,1.0,0.14748659328418537,-4.613856851992844
-1.0,-0.052594836073698414,0.4369742112163759,0.7631182104919335,0.23176583362821396,1.0,0.49141297457474015
-1.0,-1.0,-1.0,0.03726970936699664,1.0,-0.5362045187749342,-2.2358451020220627
-1.0,0.1960377639347599,-1.0,-0.3833513080742344,-0.325326177764504,0.10542084794899009,-0.6303387782126988
0.2571810077711032,1.0,0.4859165585912384,1.0,-0.7758117255931658,-1.0,4.5107406016002685
-0.4191855749211182,-1.0,-0.5950759593465162,-0.24345093055164502,0.6687975730668467,0.20821943082296324,-1.1976655255049535
-0.835948939709536,1.0,0.44141792308175265,0.14138596031650646,0.12067446666125758,1.0,0.9806096861691752
-1.0,-0.3233054766919279,-1.0,-1.0,-0.14610501798813375,0.6154490313626886,-0.33333411002919255
-1.0,-1.0,-1.0,-0.7983313606673426,-0.28488617772445357,0.34873062206820926,-5.606996272900153
0.5932929560809775,-0.7360097905654355,0.24143390646772356,-0.34239205088061975,1.0,0.0705650957728402,-2.391585809682248
-0.5138983768049938,-0.8297639665721948,-1.0,-0.7866586570129019,-1.0,0.7790849704679543,2.6245353173046944
-0.21697294099602504,-1.0,-1.0,-0.7321577600755718,1.0,0.3401439024028259,-3.837563495670824
-0.4169771839480046,-0.4781455711160203,0.8176728869963199,-1.0,1.0,-1.0,4.899878853752537
1.0,-0.6664696919298447,0.5912288819919924,0.863418716000893,-1.0,0.18016392739816656,5.626331475200666
0.1574368318353678,0.09288666600137863,0.9625988903451392,1.0,-1.0,-0.9931290916138438,1.1119837955162988
0.05878247421952132,-0.9346544545004654,-0.9215880125855603,-1.0,0.04351442582962882,0.166000505635162,-2.8665448657626578
1.0,0.3263043982363354,-0.06211975977707229,1.0,1.0,-0.6971830729889662,-0.5492143993172327
1.0,1.0,1.0,1.0,0.9698398519005674,0.8527386546276521,-10.826683827565791
0.059003423200374897,0.9520933497353009,0.7063021659388884,0.24228362501489187,0.5989004075913427,0.6302380564057459,-0.1690769161353165
-1.0,-0.14235802119404117,0.5153572591306366,-0.17631571989659456,-0.46701855626593003,0.3181456809676036,-2.8149782808533654
0.5797146425998901,0.28094804162452014,0.9928969657012668,0.20215180804306743,-0.4279999354760172,0.45762951384328066,-0.7201896497562446
1.0,0.2840616210736043,0.00844185157259103,-0.09187774723324083,-0.9885307174350844,0.057603696275445704,1.7027402943489642
0.06016349480153638,0.7067255989325348,1.0,1.0,0.8960422485805232,-0.48255044583871587,-3.713400844173271
0.5391454900867504,0.40590634232438405,-1.0,0.30266264005620935,-0.5719863256183146,0.10295324098366898,1.4218114098639876
-0.007155934549356313,-1.0,-1.0,-0.13730237170396525,1.0,1.0,2.9141478898392084
1.0,1.0,0.5409935612929414,1.0,-0.597426516818786,0.7044905361801522,2.745434287751345
0.6082017788188772,0.987554692594242,1.0,0.13435608027645363,0.07029459262448301,1.0,-2.8163654665490045
0.5164577125468113,1.0,1.0,0.9293025267763714,-0.5726472819317497,-0.6274085165076303,1.2800519571023925
0.2877710099352482,0.18514479376213333,1.0,0.20446214707847998,1.0,-1.0,-0.8146681020184539
-0.6468539120349064,0.45830760550349786,-0.08699886903045614,0.496432261244519,-0.5476398885921543,-1.0,1.981964263309635
1.0,-0.36604050531967103,1.0,-0.24047002502002301,-0.6794047120347037,-0.4837987635927399,6.321974039342354
0.46205078704391866,1.0,-0.25564925403770883,0.1876660251652471,-0.5415934524528851,1.0,6.4361302885973934
0.5106376725214483,-0.1682002769002402,0.6156594671989504,-1.0,-0.14234058225728424,0.6127003905085633,-0.46610463446198114
1.0,0.787351550438228,1.0,1.0,-0.5420569022450492,-0.24360601371683321,3.580728976254913
1.0,0.7254113244119513,-0.02613464930750997,-0.021839266101893573,-0.5174938307229997,-0.728372853007462,3.227278521347001
1.0,0.8222473132915493,1.0,1.0,-0.5342312818071092,0.7077588203405552,-1.0860549679796434
-0.7390382714050884,-1.0,-0.20481699373148943,-0.8955392238207702,-1.0,-1.0,5.697555246973502
0.32494902591251984,1.0,0.9873859615175733,0.02207719319240531,-1.0,-0.26381896819758555,-1.9066631314151234
0.8738784066786894,0.585483965536601,0.35763263829430036,-0.13451330864314204,-0.44182859274474867,0.06858796675540607,0.9808346711559331
0.45929014599197115,1.0,1.0,0.9865234817691948,0.7145424993065004,-0.54612352947688,-3.6523117464801373
-0.41889525246545956,0.7283929302829651,-0.4135012129934134,-0.5693382809810318,-1.0,1.0,5.591438923662025
-0.9098094853542489,-1.0,-1.0,-1.0,-0.8150521395426246,-0.7259780385328801,0.0875646515216385
0.26182981529467175,-0.5568877395587128,-0.0842911351811389,-0.7198235169016574,-0.7955226178833916,-0.866483106451075,4.336783189085411
0.19561935114356788,0.1858066541861106,-0.031560948414779466,0.44526941308325835,1.0,-1.0,1.172648646404625
-1.0,-1.0,-0.5657019507944976,-1.0,0.9065169838256438,1.0,1.674171508904819
1.0,0.8600092078641736,-0.5155047402946209,0.2634531376581469,0.1373645928357936,1.0,3.4833314961674158
0.951929292058901,-0.40503528123809024,0.16654991730111746,0.35765377046710733,1.0,1.0,0.3373523146572647
1.0,1.0,0.6461212298176683,-0.15188267840751357,0.5589931337300432,0.7313640386244491,-1.1040934834202452
-1.0,-0.17591270212467722,-0.15383880941059203,0.4664065988375238,0.9200297911755261,-0.12543951167774256,2.6156099964182347
1.0,1.0,1.0,0.26230067425903236,1.0,-0.5852158849905187,-4.400140202103832
1.0,1.0,0.7380703226583014,1.0,0.7491831602642206,-0.1381886317018619,-3.3389687063677074
-0.8967553199809448,-0.800920448547934,-0.13339965275406887,-0.5591093451099785,-0.7550424050686371,-0.5995116146682437,2.0501353249128575
-0.5305950694595714,-1.0,-0.23398174778518133,-0.6418188540229337,-1.0,0.9310152356711773,1.0676040007784597
-0.7600493034978839,0.9790239280410085,-0.2302927236609151,-0.3064440915039902,0.3005323402816035,-0.4914969306904755,0.6196553513169214
-0.44804610304171455,0.2890290900177802,0.8055594711842365,-0.3366021536942527,-1.0,-0.7173555637863942,-2.289586594000855
0.44088029817819613,1.0,0.7599996388384077,0.5191870754217445,-1.0,0.9215191015030852,0.4748211354151112
-0.7885239000011538,-1.0,-1.0,0.024376272146945266,0.41814527908885935,-0.29905744252727756,-3.350682592193496
1.0,-0.07119490884942137,0.7926813395081742,1.0,0.19087588811423528,0.5224878502901378,-2.0514669540082893
-0.35056067124678514,1.0,1.0,-0.7462994075628101,-0.694229003138221,0.41813180390411564,-2.9782560363107744
0.3813358188472205,0.0579317371930006,0.2674866824388898,-0.10719666032861386,-0.6562478472693463,-0.4128361172897288,1.4116863354548903
-0.7637412154464399,-1.0,-0.8685517671212354,-0.6413273889939706,-1.0,-0.26060621218037894,-1.4944683432096857
0.5682911290184407,1.0,-0.3678214785414098,1.0,-0.24579289245522534,-0.6191103918694433,2.8716738127105366
1.0,1.0,1.0,1.0,1.0,1.0,-10.77177936206712
1.0,1.0,1.0,0.5444340985113815,0.9021007769061606,0.5844574861776826,-7.231626530031161
-1.0,-0.618096582672373,-0.9866833274932716,-0.07857232080340532,0.3412584517812901,1.0,6.259597008403104
-0.6207617452249725,-0.4032069108334201,-1.0,-1.0,0.7069417853224429,0.7946426277615771,2.5703132453695394
-0.5144725361659374,-0.0616247085563727,-0.45039225677590367,-1.0,0.18558463318670337,-1.0,3.8228096757336196
-0.6135207986620939,-0.8785001221622784,-0.6177910036857446,0.10466123263885907,-0.9377041461341102,-1.0,0.7285371805412448
1.0,1.0,0.8825915070346,0.44039995670726545,-0.7130707401715295,-0.7292099619065271,4.203338465892891
-1.0,-0.8966078372820376,-1.0,0.16768535583176442,-1.0,-0.8011979871021137,-2.8595184221929753
-1.0,-0.9923485286089166,0.34281486497198377,-1.0,-0.1827203437192889,0.5840647830590671,-3.188829619495041
-0.7713751657308279,-0.8538776502588908,-1.0,-1.0,1.0,0.4702443105655263,-4.405049167127998
-0.4226590909686301,-0.7236645918362057,-1.0,-0.12078388223094957,0.915819806325477,0.25244356622923314,-1.3500798473928874
-1.0,-0.9156316963420796,-0.7121104854568008,-0.4125848317061742,-0.3702045864674829,-0.35944025066484986,-2.7316230860149906
-1.0,-0.2723683515780057,-0.08830097729653813,-0.4386571116867086,-0.43282684178346376,-1.0,2.668511738377763
-0.09544304223395517,0.5111169322107144,1.0,-0.13636492154011154,-0.9036350796777879,-1.0,-0.3874780298346126
-0.163495477585069,-0.14279387988808634,0.011656088256534608,-0.8251586928873593,-0.7050713462877212,0.38210118095635276,0.028534021155271483
1.0,1.0,0.49396166591874713,1.0,0.22148405442913163,-0.08470768545507856,-1.0618186099753593
-0.055832837724950846,-0.2978730357308166,-0.4651945294973996,-0.2549361365447228,-0.4823789304714541,-0.23007625315710234,0.20071196310339742
1.0,0.719244719493841,-0.8862543562814957,-1.0,-1.0,-0.0017817035861333874,7.213734944700662
-0.008511010682151543,-0.5854016825455188,-1.0,-0.26777798408165276,-0.17313169245478552,-0.6313420662878937,0.6886364713851957
-0.041080160180986036,-1.0,1.0,0.07152951105213251,-0.7034234661302009,-0.5863447658298854,4.307640503767974
0.8351933528841717,-0.8831905302065399,1.0,0.9322568814465609,-0.2208026578312533,0.07194692754204046,1.8827374272642032
0.8439856316255425,1.0,1.0,1.0,-0.9825717395066204,0.22000575763833963,1.2245810992428066
-0.629482541930195,-0.1075371374889269,-0.57472807032216,-0.18926125801425914,-0.7448019450960621,-1.0,1.4404827181174693
-1.0,0.45294033236674675,-1.0,-0.025692489323610124,0.6623854151031583,0.15785185459755202,0.07044353174090501
-1.0,-1.0,-1.0,0.051248495519604864,-0.1451283079914446,0.2960476867523279,-5.391029841852643
1.0,0.9100037600385922,-0.07429098022715674,0.1597872391260694,-0.6967603595033139,-0.36980695097640603,2.990729219027359
-1.0,-1.0,-1.0,-0.3539371815243211,-1.0,-0.5215519277314671,-3.5052135051573567
1.0,0.31726156100214586,1.0,0.5479775180033046,0.10224593289138473,0.12331142134507234,-0.49074131685596545
0.7137474838771872,0.31931078880644925,-0.5637713537818769,0.13005766933196575,-0.3726868370396862,-0.4987508643042734,0.06777403001512894
0.25756126308326954,1.0,1.0,0.8444307363132837,-0.40676723329980424,-0.17705147284400102,-1.7088796549825966
0.1927246237073551,0.33985725140935974,0.6318749554197529,-0.5479169819638355,1.0,0.056668000997578016,1.0738579719544656
0.32117738687709285,-0.9365529255541509,0.7256108989000222,0.665193850856513,0.8566173783931341,1.0,1.3993393780480652
-1.0,0.12990144364278694,-1.0,-1.0,-0.2113818242470159,-0.15380643297847785,-1.4947112849148352
1.0,1.0,0.10355443922550678,0.8877377277437735,1.0,1.0,-0.15518253734503176
0.44852177308545005,1.0,1.0,0.002708538723935172,-0.7121281358637367,-0.6667011196018996,-1.1947661005703896
0.15021051031273908,-0.18271642435253066,-0.6151510398897002,-0.41417891363091386,-0.5290702076225284,-0.5316985744720177,0.22664728631494346
-0.9239650919477268,0.4950826626866525,-0.07823434296313914,-0.8900651916609568,0.620029686912718,0.7530649209850772,3.8182088096719577
-0.5607465145685221,0.3143363681793756,0.5873356230680892,0.3753664121670386,-0.4809693856204611,0.5655562921513325,-0.5922882884461981
-0.07309477901178463,-0.5244598155477236,-1.0,-1.0,0.27302117306442886,0.07077400308669257,-2.141863063447873
-1.0,-1.0,-0.4314592271175698,-1.0,-0.20759261271600804,1.0,-2.912424485906748
-0.35826805608127144,-0.9946171220338527,-1.0,-1.0,1.0,1.0,-0.8744776610446546
0.14105358926120692,-0.8813231311291704,-1.0,-0.3754575386193071,0.8585228252293715,0.30404045200211405,-3.3509889907902632
-0.49034748442752185,-0.6803431945999104,0.7342200501408537,-1.0,0.4312729559304663,-1.0,5.748218966672545
-1.0,-0.1889685333027167,-1.0,-0.23173957904071116,-0.4850007699157903,0.5340094232321965,0.4348039990059463
0.3578869698618542,0.12483568180108873,0.04092943204124844,-0.26850830586198654,-0.853055686408722,-0.15705676060378132,0.6865946221252346
-1.0,-0.6380698542129011,-1.0,-0.29357202441914554,-1.0,-0.6774724515976862,-1.2811491431848014
0.9760846559478993,-0.09877976525859486,0.3933603330916381,-0.24393670361953113,1.0,1.0,-1.2068923753136709
-0.7293929164864891,-0.36746452910640737,-1.0,-1.0,0.37730716699786876,-0.06849468549970406,-2.7444282325682043
-0.9442131046438558,0.7845216060691429,-0.8913045478940423,0.006193828308456495,-0.3103271676806895,0.02685947942804638,0.9775120772366986
-0.4934587169712394,1.0,0.2094838249615119,0.0740912115760124,-1.0,-0.13344801940911677,-1.2429254414041944
-0.4626620304069884,-0.8838925072527954,0.5979318560441403,-0.2588518943916461,-0.529199376711852,-0.940970494191515,3.811247153065967
0.25744373313726276,-1.0,0.4800854433746668,-0.9602039994196975,-0.7240592062639315,0.2459288039793024,5.053457928096187
-1.0,-1.0,-0.808541160431689,-0.3370241011536841,0.47321893895345735,1.0,2.2971394826599254
-8.665764255844088e-05,0.16244719722509848,-0.8902748008478631,-1.0,0.20457364684781965,0.29331604985237525,0.3260615837033244
-1.0,0.44038363050785445,-0.6569183698616847,-0.22196133740379026,0.3935754857353315,0.6163994541669713,2.8392798898579414
1.0,-0.4400708594610066,0.13082079433845917,-0.15375554836769523,-1.0,-0.8706536860863023,7.89627131248055
0.6241414629971732,0.15510327298568471,1.0,0.4671090350951357,-0.9769481315296601,-0.21487198933238105,2.3294594714274157
0.866445004196073,0.6938174617729829,0.335681524789752,0.9345452197494963,-0.6396738612661732,-0.1289820644811741,2.22253010716566
1.0,1.0,1.0,0.5498637834934625,-0.6741988194406349,0.6533221409548426,-0.6644893040780347
0.4346901545440025,-0.8161765323001478,0.044425039199266214,-0.14003964718528433,0.7902588513455364,0.5487684014059684,-0.6897205709617634
-1.0,-0.07993300814979515,-1.0,-0.6560272076377225,0.3255296281221116,-0.9623211481506725,6.280223071028505
0.7006376266312551,0.9524206090865461,0.35156315866821886,0.09194703972823204,-1.0,-0.5658280691088599,1.5751920754925344
-0.4917129778199817,-0.2170564643188969,0.3358719774389172,1.0,0.6098083124602923,-0.17599901383591743,0.5037511515581702
-0.3181274415352511,-1.0,-0.1740098150186717,-1.0,-0.6119576953531627,-1.0,6.5113173786595775
-0.054169696388410626,0.4309028995455806,-0.8255720156537527,0.08799463323515389,-1.0,-1.0,0.22937101945920418
-0.40879525118748755,-0.09854805379251586,0.08452875119127601,-0.12827831142365437,0.2425817808091496,-0.7124287881014068,1.5430134270445484
0.9456448536341857,-0.6261467243385925,0.2886109528532646,0.20092096262149495,-1.0,-1.0,8.457882471458563
1.0,1.0,1.0,0.10898154939614346,1.0,1.0,-6.43509935651153
0.49907064633978626,-0.15219160714946467,-0.7714406027725269,0.37718366597274133,0.8858268383950321,1.0,3.6351553364379776
0.02238011635220677,-0.15306325170579915,1.0,0.9658778848293321,1.0,1.0,-0.19837737445989345
-0.48486363457334924,-0.30677696398533727,-1.0,-1.0,-0.16291230878923568,-0.8426061025973177,1.9057878027870303
1.0,0.3649491527773605,0.5451180532944117,1.0,-0.27056954946717615,0.02132786827810551,0.24233693835763503
0.44451915603845066,0.23911324417642388,-0.2837070131830372,0.9336035696650178,0.9145072893497737,-1.0,-1.0116593385366102
1.0,1.0,0.19373702308846386,1.0,1.0,-0.3360752698547545,-2.813974881079924
1.0,0.5025118815705414,-0.32401803179735433,-0.4966135951631848,-1.0,-0.5961362229898066,4.230942861818781
-0.018272985767307348,-0.46162718579513645,0.970695013723317,0.7872416009752836,-1.0,-1.0,0.8783795234584868
1.0,-0.2327682987561991,-0.14189677178433072,1.0,-1.0,-1.0,8.86643357959281
-0.5662960848857312,-1.0,-1.0,-1.0,-0.5107337230875237,1.0,0.9150764090042514
1.0,0.4024837325283035,1.0,0.9304789459828294,-0.43616246301966893,0.09081694816944114,0.6999285863224394
0.3920229476186664,0.5354349676125021,-0.1794967129728886,0.3618827777507916,-0.2732210254377532,0.11049504607530419,0.5637913085420918
-0.06937746689290292,1.0,0.32605476409118095,0.05482773945555147,0.6086671161340969,-0.715230686711549,0.508065743950479
0.9899357444549928,0.436922021672259,-0.6483800206838763,-0.5131596876674712,0.549326797592704,-0.5102327707892164,-1.5719234322069944
1.0,0.9067680123374691,0.5117642357674521,0.48267110148437364,0.9511409677901779,0.49780940061472995,-4.440238514791408
-0.7025014065225247,0.8726158575218361,-0.8914567664486154,0.2863983954304908,0.8070603558133451,0.3017910822175698,4.127795697298904
-0.8111840787790885,-0.665928259547587,1.0,0.0472160288801024,0.7174534638705335,0.6013416946922663,0.15753886459734534
-0.529925672868394,0.5250503687502475,-1.0,-0.8342712589272718,-1.0,-0.1826685013036391,-0.5939850391213406
-1.0,-0.7415043771700732,-1.0,-0.033912245325960655,-0.5148471662496942,-0.9699965855237742,2.514104353126272
-0.9612066091847087,-0.9693860794403377,0.3831074460643082,0.6426229302823763,-1.0,-0.06734570513917748,-0.9028132184528384
0.7014902624993404,0.8928915579096557,1.0,1.0,0.2883938596357247,0.6254334277748741,-4.357863592925795
1.0,0.8800212070336858,0.6434714624775868,1.0,-0.13922550768823222,-0.8520208804809869,5.975624117086217
1.0,1.0,0.0959292059731982,0.17959744676915346,0.10718511170829736,0.3031415267490172,-0.8839894583311134
0.744017554450283,-1.0,-0.5499067122285028,0.3251573654560339,0.31751725548161797,-0.465655244414389,-1.052149552947584
0.576296129314147,0.7769381593791358,0.6758856466960818,-0.7638251935283944,0.9459781299700927,-1.0,0.13103078992308248
-1.0,-0.6493917181889268,-1.0,0.07094029540235058,-1.0,-1.0,0.9734000665140032
0.26753692592637957,0.3008734516896936,1.0,1.0,0.30091885916852745,0.24853732227193215,-2.1834489233210674
0.37609260322231786,0.5415293308222595,-0.9153833660285864,-1.0,-1.0,0.9056389011242127,9.009915890268186
-0.2675946103777923,0.36750105549956535,0.6499096243852864,-0.9397858690092482,1.0,0.21599676213277297,1.6692589878114306
-1.0,-1.0,-0.1294992354954698,-1.0,-0.570662403944893,1.0,-2.5587607373022276
-0.8226914080131931,-1.0,-1.0,-1.0,1.0,-0.36256148637188146,-5.209383889838251
-1.0,-0.9397089858900916,-1.0,-0.09413618865273765,-0.3426509526168079,1.0,1.4182499678926195
-0.4789982727503217,-0.1067700036055722,0.6527797079632774,-0.9359719996008751,-1.0,-0.32254436953415005,-0.5011625676275888
0.5610658920518417,-1.0,-0.17638159290814698,0.6409731266295797,-0.5767267248326067,-0.9903218889377635,4.2949885067749225
-1.0,-0.8734468194295941,-1.0,-1.0,-0.3634246336952436,0.30449223331888503,-5.992677157467652
-1.0,-1.0,-0.5154032876541534,-0.4975565760120375,1.0,1.0,3.1625123236228507
-0.6561614426280504,-1.0,-0.07662125806500619,-0.8271874265111285,0.5738039284721977,0.5927215783292769,0.02504794199020366
-0.8146929211548949,0.3860755284123632,-0.10415818596442561,-0.9166014439107147,-0.293405635132883,-1.0,0.5839926429450687
1.0,1.0,0.2363471347761572,1.0,-0.05163806181073416,1.0,1.8131448239469874
1.0,0.8018259426415817,0.6129212059816572,0.8823323859632493,1.0,0.9186687220143575,-3.3567611704535727
1.0,-0.6918384839504393,0.3484667342258929,0.8571768258307795,-0.2594035484671986,-0.5007277274622619,3.7144887447662085
-0.06866606714514376,-0.24615812651743796,-0.48009451245243295,-0.5248370439251262,0.6497389420889226,1.0,4.339353944524325
-1.0,-0.8860868998993086,-1.0,-0.630761533287381,0.6270230723283654,1.0,1.9903718149154546
0.36327893682308643,0.036975907131297614,-0.1496827069968547,0.5136527050399677,0.9781533934943809,1.0,4.473480144126659
-0.7627962064002263,0.8062980434316036,-0.3589806640211213,-0.6298066855924391,0.947427940058695,0.728151360800586,6.400092667790626
1.0,0.3328009322425203,0.4012977937102922,0.54948953956269,0.5787185239012348,-1.0,2.33779789071766
-0.2427703819610415,0.8345811259300107,1.0,1.0,0.1551366269942987,1.0,-4.043499880801314
0.3651393500827842,0.8392487748375683,-0.1306172220282586,0.7207785958222257,0.06362821258123486,0.6896723216937003,1.1772010749597233
-1.0,1.0,-1.0,0.04207827877434828,0.3317551711489255,-0.0421440358129489,3.5839982473423833
0.3980449997917092,1.0,1.0,0.44685884370420137,-0.5830709969135695,-0.590633927063875,-1.0110801219773529
-0.5601625223537534,-0.3332046655201789,-0.7106708675588695,-0.43532860539669577,-0.6854853940929893,0.5612479502234784,0.2787521869647673
-1.0,-1.0,-1.0,0.4187561025665001,0.22115795609729638,1.0,3.8190334996563
-1.0,-0.6634149616240039,1.0,1.0,0.5138908232813104,0.5306834178347261,-2.1992017658987297
-0.6614782165718978,0.20584171453691802,0.21977726064627534,1.0,-0.047390840080243746,0.7232513900641548,-0.4723688338878266
1.0,0.4686747410441565,0.7725080166355425,0.37389110223429745,1.0,1.0,-4.026599428748018
1.0,0.38643976610596953,0.06354102824598029,1.0,0.9444887807633713,0.47229268874781594,-2.185550110045262
0.0435635101794819,0.394288776295308,-0.40738444095183957,0.6620152688088853,0.20771240244913258,0.5327357728235789,1.4593845632765605
-0.881853641546743,-0.07819668792742163,-0.4727840803440412,0.4715402095692289,-0.15494792041945032,1.0,3.083030741272788
0.06119748048044274,-0.5766399219714815,0.39756550893780673,1.0,0.199669608116265,1.0,2.205197657308466
0.21236787552023617,-0.32017729738703427,-0.8968178759275909,0.14446268635587378,-0.4191753969199292,-0.3540695640053143,0.3445240400496689
1.0,0.7121774527294884,0.4586044721016609,0.07240174389054066,0.9429797688073639,0.21139791622272686,-2.747041896213893
1.0,-1.0,1.0,-0.649431323462746,0.477155745091681,0.126931829860858,-0.04714748237545634
0.43198935547172046,0.628500180923881,0.7286694278963726,-0.778554948130973,0.6688567713265419,-0.21495351401160234,-0.3540815474011826
0.31864441087102546,0.8964833031193391,-1.0,0.9334093698592282,1.0,1.0,5.360632632269408
1.0,0.8754329826730729,0.6179803494613076,1.0,0.5777290875936861,0.5520084675359604,-5.1840751187120375
0.6715359726561007,0.6090148571927059,0.022562896436447044,0.4554872475451611,-0.9190093640390884,-0.5741058030994353,2.474369045752008
1.0,1.0,1.0,1.0,-0.14609891057915592,0.7017298946089905,-4.376588684391889
0.8970183121362143,1.0,1.0,-0.016424654429074814,1.0,0.5298973766150286,-4.937112246137832
0.5633498717060765,1.0,-0.43413942698348396,-0.3474513174212558,0.31573707418184155,0.31446815824313923,2.1472335072924795
-0.06946355804228643,-0.5057138601730875,0.09922124853785119,-0.5514761347135086,-1.0,-0.9773189225629276,3.734916059129657
1.0,0.18716383104864787,1.0,0.6666158274565275,1.0,0.4384191745338071,-5.765082272059475
-0.6221463615518392,-1.0,-0.24957404020623097,-0.583294836715591,0.7737675096105343,-1.0,5.371027680203843
0.6289614849710569,1.0,1.0,0.5759595641076208,-1.0,-1.0,3.423602014594205
0.892441568813227,0.8554987508973624,0.01998808463182855,0.703484933263249,-0.036271711480357904,-0.7722133417390136,3.469509428104872
1.0,1.0,1.0,0.9014529190210141,1.0,-0.5195480716166858,-6.433255299518966
-1.0,-0.9456067454207592,-0.9072240940987952,-0.03199604500683484,-0.9696411142267438,-0.38506129868780026,-3.966651836961849
0.316085660507238,-0.9916976386464473,1.0,-0.48828325028705327,-1.0,-0.18989216537200046,5.689746540457663
-0.5534313277119984,-0.2128007562077241,1.0,-0.33333184353747225,-1.0,0.7033374805743099,-4.4586627002361485
0.3606943226607089,0.612228916471016,1.0,0.5559060890512587,0.8142392653551687,-0.8501457687242177,-1.0121337451003458
-1.0,-0.6329291820390306,-1.0,-0.6776414182864058,0.44754220946597023,0.9330346021131883,2.3652586875392294
-0.2771541287336783,1.0,0.607735702687383,0.3924014380795794,-0.7615805589548924,-0.7399367937987391,-0.7894826632385904
0.16189765075463391,-1.0,0.43400755714981776,-0.17637527353876187,1.0,0.02585511822820241,-0.016611305333369297
0.5036695616089552,0.6367993538029,-0.9899420882440875,0.5923418346698173,1.0,0.023763212878608553,-2.446488953450794
-0.10120911709527736,-1.0,-1.0,-0.7188630259879892,0.3946044675682482,-1.0,2.2167537312395558
-0.8976762238961999,-0.784201395952675,0.19315047282611333,-0.1263895820073801,-0.1133572043196146,-0.9437700343421107,3.404027229755548
0.43218072564662563,0.2527628603787611,0.9019626456302773,-1.0,0.6064615988050222,1.0,-1.7816760441517454
-1.0,0.17303055726757077,-1.0,-0.42868664048386984,0.7253766198948763,-0.2513281210808596,-1.1069108116907087
-0.5748518211606191,-0.3086737952329446,1.0,-0.3480209680709435,0.00414027798516875,0.32330132086677893,-0.6549810445891162
0.4265108527206639,0.03779033976970783,0.7580499423652145,-0.3932576593711057,-0.045954389395166606,-1.0,3.820372740690425
1.0,0.19846255201710164,0.15218352625809498,0.36669250755444804,-1.0,-0.6611707297310858,5.127564765324785
1.0,-0.10662853944828615,-0.40256398143325123,-0.04037363265332833,-1.0,0.08518978695015805,3.7191745112572945
1.0,0.2752767477373333,-0.6575077675864873,-0.35949023865104623,0.16476406460945303,0.7399532013188074,0.8099993949663781
-0.0033633577943166237,-0.09674942911979892,0.10796168297048392,-0.5504932158749982,0.013971673791413952,0.4258693182169212,0.014436210446538672
0.4605162233864361,-0.13332676594750045,-0.061661683911735043,1.0,-0.684195201960603,-0.5610228415735918,1.795742274285483
-0.10636240996985352,0.5527886390996368,-0.9565563526268382,-0.7481311942655259,0.5619013623207595,0.8131833649650255,6.620856581741062
0.44465150140179865,1.0,0.8263210573615275,0.5193685635629322,0.2536831207562932,-0.57494764826396,-1.72808148801847
0.3076244582528417,-0.4595350089966217,-1.0,-0.5299835864152018,0.36283553764002907,0.9700590760833141,2.597660026679547
0.311640612653731,-1.0,0.9273651697900351,0.3772825991497199,1.0,0.8616723429151072,-0.22378079857474725
0.8604562903389297,0.14880393369255746,-0.19284064193903283,1.0,-0.008289175595848741,1.0,3.6283326472676105
1.0,1.0,1.0,1.0,-0.4831152578098635,0.11251120292113725,1.3970787246872467
-1.0,0.5023605305850798,1.0,-0.43365144346132783,0.6763022675818495,-0.16712462774914472,-0.4701431178080571
-1.0,0.23622776271775603,-1.0,-1.0,-1.0,1.0,6.97619227718011
-1.0,-0.7366928176977018,-0.4548434382016969,0.0811794573743433,0.12909891848532712,-1.0,3.834436957724688
-1.0,-1.0,-0.47317359315169094,-1.0,0.551037880666025,-0.025100861828028648,-2.678983355179751
1.0,1.0,-0.4989560359982082,-0.23510916250736874,0.6599850394981739,-0.2197727142648995,-0.8863371200366783
-0.08253694237642212,0.15961174477533624,0.5919204294513142,1.0,0.03885257943729703,1.0,0.8081157036693379
0.18448967780221445,0.22614131270328086,-0.13629547624309574,1.0,0.9650454385507067,-0.6978164168964998,-0.7927552979949999
-0.8667508959011455,-0.40232232047260297,-1.0,-0.276352659115397,-0.47122329529742274,-1.0,4.128068655915951
1.0,0.9156456541113237,-0.048489646884713966,0.1806619497414964,1.0,0.5808750108116136,-0.8413465533946772
-0.061463682996765856,-0.6315334699885782,0.040894255734276186,-1.0,0.3125889773542903,0.3711216267457536,-0.5491544708998026
-0.29128257898285614,-0.259333541360721,1.0,0.00548766544262097,-1.0,0.00571185379716227,-1.6477289971883868
-0.6149200408326784,0.18857652534693248,0.07313134749369737,0.00959129124665703,1.0,0.5763748658540723,2.404575502231252
0.05553832265715625,1.0,0.6564619815858683,-0.3782190847678978,1.0,0.38482763215842003,0.36018258302221984
-1.0,-1.0,-0.6922135391842528,-0.5912494882888173,1.0,-0.038738599268170026,-1.1196721353000452
0.7835262886786449,0.4612673117294265,0.29067746251627347,-0.4084646590159505,1.0,1.0,0.7298562436975166
-0.5852192768050503,0.4339730838371638,0.019032897405988403,1.0,0.373778000598971,-0.7201914786632381,2.5974852926562146
0.06401626406287061,-0.6987043888408393,-0.5238135232072332,-1.0,-1.0,-0.0702974647036319,3.3855377674248874
0.6596837473241719,1.0,0.6015795618394648,0.9622328265668596,0.2170672973816664,-0.43813097036197646,-0.08217677840503945
-0.6156093322519461,-0.9430409241167708,0.862816492189282,-1.0,-0.7304405726710052,0.3156622864891159,1.2999019990105314
0.33345408299196655,1.0,1.0,0.14154619872945662,0.7415882186549851,0.048043141046137716,-2.3112370949714034
-1.0,-0.27311985432875385,-0.7265990760892131,-1.0,-0.7737349677547084,0.68167260424608,-0.2106749200854507
0.8064718351453849,0.0676735360046895,1.0,0.7654013523115211,-1.0,-1.0,6.701324111253831
-0.18854383770628452,-0.8645119501570713,-0.9282254312995301,0.8335818303745977,1.0,-0.666681154861009,-2.7065666323856417
-0.07600314497761643,-1.0,0.7666776566127264,-0.47349092382105173,1.0,1.0,1.397083227523256
0.21879305483586675,-0.17409657017519642,1.0,1.0,0.5608874146188614,1.0,-2.2580713289329775
-0.3638360358393009,-0.0458271731841704,-0.025633011387423243,-0.541849691759474,0.8240954304855946,0.8063856925708053,2.1310305601780537
-1.0,-0.39150746130343644,0.21396142170007665,-1.0,-1.0,0.01748189297009642,0.30875275087648113
-0.9858005942418377,-1.0,-0.1681942601319345,-1.0,-0.3834530791387558,-0.39048637188059876,0.48078467497372
-0.12130703924448821,-0.33058898182201457,1.0,-0.057092119780237635,1.0,0.6066151966866671,-1.8886492339260734
-0.2349249581080386,0.23412463436182449,-0.11869370267723067,-1.0,1.0,-0.387630628046823,2.684827166023934
-0.8112883741439487,-0.33963180449140207,0.9439978646528161,1.0,-0.2556773614794606,0.7243517130152424,-3.076026014749515
0.42227490534813106,-0.45021223279564454,-0.026493492075063574,0.6601989848654937,0.6242595342108295,1.0,2.9042247572027846
1.0,-0.764455284748468,0.024771302995277023,0.6056098957868534,-0.654660505112898,-0.028906123754687263,2.7873683184890345
-0.06832200852421355,-0.8248152559101593,-0.694609467143497,-0.2574420207884549,-1.0,-0.5353379523137212,-0.2762087202038116
-0.48276054359654363,0.2882784849426912,0.11474588917782641,0.8950445547342843,0.9245365611686802,0.8731421546563081,4.249744521384286
-0.4257740793638267,-1.0,-1.0,-1.0,-0.654593580799813,-0.11340241378589566,-1.5196118067113114
0.3644188229290465,0.28500112951008233,-1.0,0.6367408259932646,1.0,-0.1996363989429567,-2.0550189604593982
-1.0,0.053891221648282195,0.7640568815975141,-0.631904124893711,0.9974253488221329,-0.9745622395292792,4.856482825414816
0.47282855457361767,-0.018916381453751685,0.04714369705469301,-1.0,-1.0,0.8495466081067818,5.704886089983136
-0.46979045527736124,-0.7138965071229235,0.6476720059920016,0.32887875930938437,0.20973762639399016,-0.41382015458316185,2.0545225430936433
-1.0,-0.045879655552745424,-1.0,-1.0,0.4273355329129426,0.42385451191663903,-0.5437315887092931
0.2767233418596843,0.14822650121695086,0.910693461820566,0.22246413976246182,1.0,0.38026883586053106,-0.9885865424293274
1.0,0.8893187046681363,0.07185924498753427,1.0,-0.2728034332539865,0.41364525269785635,1.2999341135607627
-1.0,-0.13651813289697468,-0.3868722127603002,-1.0,-1.0,-0.6160728830161206,-1.6777055767970508
-0.7116859160285769,-0.27882560541094065,-0.48906709865116516,0.042127029809817335,-1.0,-0.18380691027574358,-1.8764525694360146
0.9596144667491532,0.8454958180467798,0.9090179016588649,0.08996303557445628,-0.010263996121749885,0.3455167473129699,-1.4803455779951389
-1.0,-1.0,-0.24203809249465424,-0.7946913806255607,-1.0,0.551912380192904,-1.1380936680402878
-0.21719202587718134,-0.03605397303253516,-0.5780542961161306,-0.13245543263370135,-0.76960506244823,-0.8070323129704452,1.0253948513658704
1.0,-0.24545565718581436,1.0,0.49674902935427157,0.9782992783114433,-0.34794156458286724,-3.0803801757656055
-0.06662477641257517,0.47897140924780673,1.0,-0.7011987816414866,0.6578388148905427,0.5871086604132909,-0.35019094116144955
-1.0,-0.1578589902899894,-0.7939414837509331,0.40380291747652536,0.8151183057030116,-1.0,5.321663871443991
-0.23890467552178452,-1.0,-0.049266308415177096,-1.0,1.0,0.4697555685678634,0.6105100651369015
0.8196571449437123,1.0,0.046363752985378204,-0.29823164579652095,1.0,0.644492876909051,-0.338861733198923
0.3611025505525326,-0.12128703429495147,-0.5787467334335159,0.4703316132484434,0.45132560407585365,1.0,2.3952657914625046
0.38648469676641733,-0.7177213090254377,0.16456814428542665,-0.5254890639166983,1.0,0.18898818494774972,-1.2234068791453123
1.0,0.6831436350199115,0.7971624561630734,0.16538243044675316,-1.0,-1.0,5.897146555740193
1.0,0.9085030392646751,0.8009223384778188,-0.07523129014899577,-1.0,-1.0,4.238784697742517
-1.0,-1.0,-0.27338761652134913,-1.0,0.8932286538214251,0.062143534995326544,0.04648709669994722
-1.0,-1.0,-1.0,-1.0,0.6385301122610183,1.0,-1.7662929362648874
-0.24293068326914244,1.0,1.0,-0.19252813270341787,-0.700196740597472,-0.24576695972764584,-4.010391928229312
0.48691952487324497,1.0,1.0,1.0,0.3789088057325848,-0.129863102668066,-4.745612708665487
-0.526553310201894,-1.0,-0.043448537472844384,-0.8778538012214202,1.0,1.0,2.302382962574748
0.9825584057421219,0.42977239067161854,-0.3008454987696032,0.4870316332498509,0.18176480002613274,0.15688121595529142,-1.1554127961664553
0.9982839014185954,1.0,0.061278675109831926,0.7099116674164965,1.0,1.0,0.5810777096730946
-0.5196439407737103,-1.0,-1.0,0.7278715791801593,0.0505109168604434,-0.905759289835087,-0.6466103601895667
-0.7586234696877749,-1.0,-0.5580812362529532,-1.0,1.0,0.42152721857404396,-1.2437604362263035
0.9229644745535344,0.31149711189794255,0.4129696450749709,-0.05428837549164858,-1.0,-0.8172297531937798,5.69513745374698
0.9746199875451369,1.0,1.0,0.6281433615453758,-0.9684077752636886,-0.7892057590049784,5.8783066705618845
0.2827604524436518,1.0,0.40244111068211263,-0.5740242313126174,-0.30522623744066857,-0.024149478106334388,-0.7824162471194087
0.0629928855711408,1.0,-0.11291769653181039,0.25387144591757593,-0.4940948491840175,1.0,4.805048863761847
0.09651512656164396,1.0,1.0,1.0,1.0,1.0,-6.247944484961152
-0.31971770914483705,0.3868766154439162,0.32056053210561897,0.20698750488660567,1.0,0.8733596077180119,4.233020896190159
-1.0,0.04363973147926681,0.4847246673984139,0.554763911893171,1.0,0.7825374975767903,3.008625492446286
1.0,-0.9054731191230666,0.6783082632727147,0.7860131536618568,0.002974795846345052,0.34788758295459177,1.8024387795481462
0.8444865659189889,0.7385844378162227,0.43261402818566563,0.3362385743781333,-0.2957668571777391,-1.0,4.473429412631814
-0.4946293814265392,0.1513868861130715,-1.0,0.20922640565972173,-0.025009174394023087,1.0,8.075651947003115
-1.0,-0.8487258767337521,-0.8888049926699657,-0.20712266588671668,-0.22341822291870883,1.0,2.683706252981715
0.003465668008532319,-0.4370485417644119,0.7559475426373824,0.05204600003134935,0.1584251401330472,0.9007767627301438,-1.1857264147091366
-0.022051132145727043,-0.8686032827982473,-0.001796200499370959,-1.0,0.7091161151319455,1.0,0.2967775466178919
1.0,1.0,1.0,1.0,1.0,0.1770012100848875,-8.583262928903546
0.7806025556611695,1.0,1.0,0.611478839739547,-1.0,0.08100646427192876,1.9514323708251309
0.33556803510701183,1.0,0.7329197139299124,0.4331826642912462,0.110897098770043,0.09919998042228963,-2.239642358735009
-0.21415360996817162,-1.0,1.0,-0.5139625628366262,0.2357706130322163,0.3185279913886306,0.37666789844689413
-0.10307741910569646,-1.0,0.07499428454872592,-0.2213035774816201,-0.49411115542892026,-0.6218797173937438,1.6118072539801391
-0.4343292651719277,0.2753761710391512,0.15743491306890345,0.4360324932930757,-0.5151169067967969,-0.3390568596403407,-0.47679258837917426
0.12123119411592054,0.6503938871258843,1.0,1.0,-0.9844036224489874,0.11498237388056365,-1.535966869644386
-1.0,-0.7099081482518633,-0.3364067627623198,-1.0,-0.18824373250571236,-0.46979165443450355,0.08850729582398076
-0.9324184966508839,-1.0,-0.491820410577289,-1.0,0.3367482663155281,0.5605006287148084,-3.4535261263829407
-1.0,-0.5811697497240851,-0.9101822192513358,-1.0,0.1825462027436363,-1.0,4.575170102472371
0.2651007835680671,-0.17956520197410075,0.6725189317135634,0.6833558426938682,0.69511681237238,-0.19273902925244324,-0.4141228501471008
-0.5101382884593965,-0.9793048049310132,-0.2300286323443953,-0.3019615481543805,-0.5755408791923711,0.2612797687909519,-0.9755019692028886
0.1468011478969502,1.0,0.5680492014467766,1.0,-0.03556119632983057,0.8741386927899378,-2.5861489372226876
-0.8344118365794508,-0.6721402936803402,-0.03740553544965197,-1.0,-1.0,-1.0,4.267979273870855
-1.0,-1.0,0.5409766303656199,0.14985394009480069,-0.6327999662008641,1.0,-2.0946679025095594
-1.0,0.49616804910116435,0.9230094754043614,-1.0,1.0,0.0641179258585094,1.1340949224450805
0.6186816124336497,0.7399065706312797,-1.0,0.4965513058322861,-1.0,-0.4514244708582764,2.3636448763825304
-1.0,-1.0,-1.0,-1.0,1.0,0.6282244813249737,-6.909338090092653
0.3125644188800012,0.4672601208021586,-0.2081514254855208,0.5400173415188152,0.8423457706340448,0.5937477814095442,0.7219968776849319
-0.2706742629633174,-0.1486242601437759,0.04730141264347659,0.7650249240491489,0.5611335235130768,1.0,4.155554359624705
-1.0,-0.2817461539289057,-0.6221646303870092,1.0,0.2209728653535996,-0.10144545453387248,-0.4932260154969574
0.1765966496760203,0.6832494628868813,0.1251992701665714,0.5865061154973001,-0.09576987834323947,-0.08827967127229241,0.38013701208834383
0.15788859268451205,1.0,1.0,-0.15323075355507998,-0.7307444945443442,-1.0,-2.5083347761878207
-1.0,-1.0,-0.9083057153089826,-1.0,-1.0,-0.7850356445203682,2.8840038861339163
-1.0,0.770063444477308,-0.9645793655472977,0.08484280049571968,-0.7804544420924746,-0.55270257880775,-0.12224856187155597
-1.0,-0.22318195868057566,-0.6820841621929414,-0.5823328554532212,0.2591717579441074,0.5704363111206316,0.3763811251696317
-1.0,-0.96888284753383,-0.6831895514279757,-0.4124438371576039,-0.8659447845933241,-1.0,1.4735247814868964
0.27355222165057147,-0.10899392612788777,0.3387769238765181,0.47275975470449527,-0.38725400582014013,-0.28552642972140196,0.03304986476022165
-0.4856274024555704,0.5792927368407476,0.6039980590183391,0.2929629277869926,1.0,0.8552841561305389,2.26294631321823
-0.3656751530325868,-1.0,-0.24109257122969785,-1.0,-1.0,-1.0,7.125842741457982
-0.7368991801814716,0.051918057543948626,0.3938239499511523,0.2899960968793755,-0.6255429686872931,-0.9242670366214221,0.10027433932164398
1.0,0.7869867270663933,1.0,1.0,0.22392383980367125,0.2471356630792789,-3.3522019292057528
0.29592792173083904,-0.15491981211067046,0.08202514966590446,-0.03577030915180843,0.2833159196406643,-0.3495577072743782,0.23793899817582848
-0.4228489233608346,0.8297841003488575,-0.44704513060487944,-0.5341205273817513,1.0,1.0,9.558355883762946
0.8342770609390018,-0.6301400546953104,-0.24810722223256076,1.0,-0.37530038553516926,0.32705376747408066,1.8981441649512665
-1.0,-1.0,-0.9305992835671226,-0.08120685628190549,1.0,1.0,3.5197978615156145
1.0,0.632285321779356,1.0,0.9257425156539214,-0.754694997970443,-0.36304293326948855,4.047276721024309
0.357175168855966,0.8610645199087479,0.5959129055261467,0.34824155463582096,1.0,-0.40330145499782266,-0.2557974701792717
0.059829891731455837,-0.7399508559247954,0.42828942187781793,-0.2416049392652179,-0.2964363619281827,0.4703813394365198,0.052246990914292774
-1.0,-1.0,0.35219523116609086,-0.6992260052650987,-0.6013401243939109,0.4014322967107109,-1.9282527706000994
1.0,0.6982217200570631,1.0,0.2689334709736628,-1.0,-1.0,5.151598881826831
-0.08070824782523453,1.0,-0.6500787209982862,-0.6184627297810569,-0.46121517310865884,1.0,9.649048591236589
0.830051975221393,0.9785906974320893,-0.6066468521422491,-0.8018655453897411,-0.8302818012019082,-0.03244853298281547,5.755649864196155
-1.0,-1.0,-0.439591661219924,-1.0,-1.0,-0.08959880511918594,1.7093253240171484
0.8958842901380153,0.0726523226395619,0.09432756933951492,0.05626732035237425,-0.18181709812023006,0.4221340112650689,0.17091407290860972
1.0,0.28190654874651466,-0.19331946739086747,0.8031743751366455,0.3656635568501868,-1.0,3.0778425817527464
1.0,0.10890850841346361,0.015417363688621677,1.0,-0.13922165122290797,0.11766242074342725,0.6784896232970904
-0.9784768647396569,-1.0,-0.18507426576956232,-0.09321082632535038,-1.0,-1.0,0.4350908149798938
0.929121311217124,1.0,0.5914599538209925,1.0,-1.0,-0.9082587148608237,9.037260665269596
-1.0,-1.0,-0.10817525024623009,-1.0,-0.3372016240006681,-1.0,4.577357950247731
-1.0,-0.3249420736486591,0.9828289384021541,-0.13151544242176136,0.5286693569105476,-0.47644919554032206,1.674742485178065
0.8656218548541292,0.8543477651989553,1.0,1.0,0.5333711687207981,-0.7360296705153173,-2.2957187571749897
-0.320583277161123,-1.0,-1.0,-1.0,1.0,0.35775543464714854,-4.513478979383618
-1.0,-0.8294576628120013,0.6716417743086343,0.7214402894213825,-0.9557617151929412,0.13739028766006534,-2.023591207021155
-0.009552439781272348,-0.3486403387210246,-0.17969008655063576,0.34462986197121415,0.3119801021394909,-0.2787548351138307,-0.14520383520241126
1.0,0.5390708442167198,0.04394925731035837,0.5941236254641704,1.0,1.0,0.2888392422430864
0.8710455760984497,0.5175770228119577,1.0,1.0,-1.0,-1.0,7.810631597229151
0.2669866542353543,1.0,0.9242892830346939,0.5550488677493348,0.5484855853924202,-0.9096686050741082,-1.4860371308024243
-1.0,0.34202893901782283,0.4638422159893244,-1.0,1.0,0.7540272473903189,4.647491834455361
0.8955146558716458,-0.8503740957298336,1.0,1.0,-0.5276414840382605,-1.0,7.367533800715844
0.05666538306729832,1.0,0.21477145144968413,0.202845763919741,-1.0,-0.0781091877458282,0.43077870352314496
-0.02323432568010919,1.0,0.1529833964680778,-0.16417526390579162,-0.10413836556734113,-0.09581788649886769,-1.255149716070358
-0.61036460301745,0.9121954157205363,0.35286765693624406,1.0,-1.0,-0.9187457308489457,2.3283544524301147
-1.0,-1.0,-1.0,-1.0,-0.1369440733470112,0.3335216599920954,-6.490053309523458
-0.2315106096795149,0.9231299582234729,0.5583257865832991,1.0,0.204968789949997,0.8972987301256314,-1.3293007790911873
-0.3538348511085244,-0.691074510620085,-1.0,-0.6701398121403389,-0.3799424853322665,-0.9569493770870042,2.8482462695272837
-0.3651870960274356,-0.8489360713311405,-1.0,-0.7748251361904384,-0.90572730801792,-1.0,3.957957136487141
-0.9010967233536118,-1.0,0.13591643813473164,-0.09230452031373648,-1.0,0.418280852479757,-0.9180294489248252
1.0,-0.2554931006679586,-0.8388644102121834,-0.5830239662809049,0.70836297449633,-1.0,-0.5031401998624623
1.0,0.37022733727657914,0.6849483077690657,-0.3733899774170699,0.3943144424966615,-0.3440836594355101,-0.5382293189436649
1.0,0.6063502417394686,1.0,0.8775674632794015,-0.20853798530863765,0.8002986028801597,-1.8365538976787668
0.18148461111477268,-0.6163952283582146,1.0,-0.7536046315291434,-1.0,-0.6577092414709889,4.3082333028803665
1.0,0.6877285200536194,0.7997098010787237,-0.6934964915146313,1.0,1.0,-0.8046429544648862
1.0,0.4896746308758402,1.0,0.2405152004118858,0.026898023411268013,-0.3208083438414797,0.5779125018547422
0.9621182522765932,1.0,-0.09218903292255887,0.679142650310625,0.24582022660567857,-0.36658233183132716,0.35668771364410845
0.6822069506823563,-0.312357579199772,1.0,1.0,-1.0,-0.6291670845960856,3.522990871562003
0.38813766887182877,0.973660880171806,1.0,-0.3331098176636986,1.0,-0.13611955079070082,-1.1991122111530383
-0.329823238026453,1.0,-0.2891881994300189,-0.2603983012014696,1.0,1.0,8.759193171087196
0.9759214291970075,0.4700492417586899,1.0,0.8115103830295818,0.6957456472104344,1.0,-6.549516738360043
-0.04284255393688263,-0.05301008049244338,-1.0,-1.0,0.32743311463079283,0.8632514466249339,3.7063522425280415
0.9394571220867949,0.6357686879818201,-0.8612471865301441,0.6997756989044964,-1.0,-0.831603691123205,6.082818105625638
-1.0,-0.6351420552381686,0.30452026521560027,0.19794084956117475,-0.16740648812207004,-1.0,2.689363596426516
1.0,1.0,0.694978168395185,1.0,0.7187573576575803,1.0,-4.637386517501893
0.09410897629695492,-0.12542747221328232,1.0,0.430488766866888,0.28415162361155377,1.0,-1.2458590632198743
0.7425922542924974,-0.4910944494729576,-0.19625186392636162,1.0,1.0,0.7716783044864821,-0.11859491150936863
-0.4253264798899419,-0.9065277083396026,0.2106236138729286,-0.8358622005322317,0.3984656979420764,0.5201685867420403,-1.0378239828122
1.0,0.45621417844230927,-0.21014662223809188,0.4227062125101815,-0.5503887058422363,-0.24891365223449147,2.3002418225967016
0.011746693614766546,-0.23487298587721206,-1.0,0.42237812525075513,-0.27732889951705353,-0.7635553972189462,1.9389468884190968
-1.0,-1.0,-0.8549300086549598,-0.8415974435390485,0.31023464528957545,-0.608122314124496,-1.5641045475817048
1.0,1.0,0.3415446274641263,1.0,0.7519150130849469,-0.10904698051659312,-2.458848710515986
1.0,1.0,0.9837677948191286,1.0,0.3835472492578027,-1.0,-2.653809262272313
0.690420013702659,0.8489436364963994,0.04305843836422629,-0.6250292666039097,-0.8446809412469231,1.0,9.151067762541427
0.29917699072771536,0.44178272418145337,0.45503870326870405,-0.7783191093216353,0.8158809955284723,-0.5714957896549464,0.49033174106362976
0.20940888017750353,-0.16806280113724048,-1.0,-1.0,-0.3687831932138642,-0.08710361585626525,-1.0633441897249176
-0.6461919081118606,-0.6444490970716132,-0.7570283504490449,-0.5280323499063598,-0.7129019958227949,-1.0,2.2795047352968183
0.7770359702924816,0.6886668875448899,0.4560095365193046,0.9245567399451482,-1.0,-1.0,7.477845413305598
-1.0,-0.04529649190221696,-1.0,-1.0,0.27198056353037836,1.0,6.527162550255388
1.0,0.6517726992635002,0.33132878500075025,1.0,-1.0,0.5731204561810215,4.12006016454474
-0.046427283974225464,-1.0,0.011879603697460439,-0.15968338415386243,-0.5586648161528505,-0.9755660934737913,4.2939712231212095
-0.13968786056932767,0.87335796210309,-1.0,-0.6911692258704335,1.0,0.3846842145247962,5.244813965305775
-0.4498858675339867,-0.09352549822851942,-0.019900890432242635,0.6298808603972995,0.28909637088300766,0.98186793212044,2.7737679670255537
-0.8050259425529479,1.0,0.8306273404812425,-1.0,0.22450578233296947,-1.0,-3.9556464244798946
0.4502833962783731,-0.9958607324135055,-0.1608289236904059,-1.0,-1.0,-0.01769592393138475,7.70917763489923
0.286996514401726,0.03865190241146205,-0.27710907925199246,-1.0,0.738934962410301,-0.6952331347304712,0.3839477771332739
0.8965018139107352,0.1403168685281847,-1.0,0.2743457821014911,0.3137549118392291,0.6707137723483239,0.2886378642566887
0.10809422717476713,1.0,1.0,-0.0435524378654194,0.7939820980141026,0.2974817022443998,-3.263616129603373
0.30478680928670077,-0.2622877937134298,0.6602368004287387,0.8506414858273967,0.4590554814954781,0.8120818198403402,-0.3999312283255329
-0.8513670314001984,-1.0,-0.0309793969608797,-0.3769805946896281,-0.346028991838484,-0.16192924333456815,-0.6244854514498088
-1.0,-1.0,-1.0,-0.9151501263061155,-1.0,-0.91543997606503,4.088486286379327
-0.6445197239215171,-0.5022885093775293,0.5127841159012549,-0.5972993652396196,-1.0,-1.0,1.7445065335364327
-0.5251808527345997,-0.3885089105198633,-0.9381258310282539,-0.33792991345869483,-0.6959082820944291,-0.7602498934844588,0.6487689851710609
0.7759783944357086,-0.09276993164143338,0.5831669888803845,1.0,-1.0,-1.0,7.2181164244551645
0.6089817313318361,-0.3504740550040156,-1.0,-0.34260889329355154,-0.2185774527995723,-1.0,3.5059710406095626
0.6643353991491981,-0.41647185333032977,0.2868998347994902,0.20446329339251818,-0.9566755396099311,-0.8329999881406733,5.513311229270395
1.0,-0.27454183443941554,0.4944270632420977,-0.3930004096813604,0.4270961107553948,0.8160744339478218,-1.5484604174892387
-1.0,0.3629285415753374,0.19252825805072216,0.11058595575932184,-1.0,-1.0,-1.8575143021443112
-0.7248894069936735,-0.2900994735362604,-0.7601795378479956,-0.6908891671196864,-0.33697093652586096,1.0,3.5916347519055
-0.9760735098297637,-0.5200362954300659,-0.6590451455909627,-1.0,-0.9503779652616678,-1.0,2.7121774762448223
-1.0,0.13823052156604862,0.7175762955819659,1.0,0.1561589780601697,-0.04559552113036103,-0.8911448625130511
0.5817741843889626,1.0,0.28478331913503263,1.0,1.0,-0.606861081219073,-2.2452631052780854
-0.24984535275545683,1.0,-0.5678504101955573,0.3091258116316338,1.0,0.747450443681867,6.599151994429752
-0.3462614707841982,-0.39086971931350956,-0.948623623014056,-0.14064353591346967,0.017527325824314044,-0.006740854129337892,-0.5728917640917339
-0.997542374815169,0.27518570471325865,-0.5694935781471018,-1.0,-0.631259618445734,0.5506575458953317,1.0265945467137718
-0.5700692808783707,-1.0,-0.45014293525441706,-1.0,-1.0,-0.9713144822221229,5.920274111266216
-1.0,0.10744004798963247,-1.0,-0.39290043166745026,-0.5679004954170419,-0.026550582193254374,-1.1853018196634362
-1.0,0.13891632598409004,0.36706597032945343,-0.5332436341801112,0.977656080901727,0.85813465557062,3.3039906979922486
0.6828708359101837,0.7287828851361223,0.7475685073422172,-1.0,0.530218067653389,0.5899289083914407,-1.0096685686398532
0.8984151297088339,-0.4884703423207423,-0.07603491104543658,-1.0,0.8343316413275174,0.30082387425725304,-1.1533551592170146
0.3112019689880803,0.08056906461523594,1.0,1.0,-0.060615259604794525,-0.387478201710159,-1.0147593100054864
-1.0,-1.0,-0.778327926517282,-0.11273380407056255,-1.0,-0.6733829172893979,-3.209354391822766
0.647625977407723,-0.38172195301358075,1.0,-0.20602262524478615,0.1409755112415378,-1.0,4.195613442735815
-0.8280682490399303,0.9137983699213061,-0.6849148450342735,-1.0,-1.0,-1.0,0.28821541670346185
0.9738211430253212,-0.05995897571466566,0.7274630387000498,0.1163084067465261,-1.0,-0.12633654551091544,3.501519682333149
0.8684265838496793,0.28137294614655395,1.0,1.0,1.0,-0.07925711452954354,-5.861054629628808
0.9540212822027057,0.35004247158245627,0.051601628287141384,-0.06967723146805382,0.10399243694013172,-0.5526013419098027,0.9183485847877392
-0.682743677115121,-1.0,-0.09346408997207134,-0.6175171355935027,0.7900761636879082,-1.0,6.532671500549483
0.4459573467139651,-0.2756877156847609,-0.5989951666742968,0.3824822122662403,-0.5132522883354464,1.0,4.744486882088764
-0.33913862564264075,-1.0,-1.0,-0.3098897521641378,1.0,1.0,2.7224690530776257
-0.29294144656588395,-3.7424604446556486e-06,-1.0,-1.0,1.0,0.044757775147730994,1.1116142247193783
-0.024682437366551402,-0.9553393618075525,-0.6360445217803821,-0.9978177315303223,0.2526623562175603,0.07501011256937368,-2.1954996329430134
-0.769848096550892,0.44635235761131187,1.0,1.0,0.31844118152447565,0.8386765686777717,-4.876045749757453
0.11146111877895581,-1.0,0.2598980062338448,0.5480871399272664,0.45718946445449526,-0.10470982074542506,-0.00937585272390068
-1.0,-0.033353804131946246,-1.0,-0.43070739957920223,-0.9427350910440422,-1.0,2.2593121421002023
1.0,0.56480882929775,0.6208567179131018,1.0,0.29177246592917994,-0.25925730961022503,-0.8015835974137744
0.8069661239141135,0.35374009863307665,1.0,-1.0,0.46865136709635274,-1.0,0.6845454737009713
-0.21330289831868715,0.6580064791383349,0.38247013110193107,0.23364493744352582,-0.46210436075933786,0.4071667560957691,-0.6242431679466254
-0.2311532018629438,-0.6940147824145116,-1.0,0.3780807445324448,-0.46011776976147023,-0.6435475457147177,-1.2901447498521672
-0.8250811439790582,0.008807827578582922,-0.36074778975539545,-1.0,0.0048451811455488825,-0.3827300656168131,0.3087849289894043
0.8662674538895606,-0.82413676823868,0.3255179654590483,-0.08524892347395618,0.8355366974325434,0.37705108767968354,-2.8006369815920027
-0.31311994254437225,1.0,1.0,1.0,-0.17156553983578038,-0.9671248036601934,-1.7449051302245833
0.6650908240273523,0.8763604471793198,0.20065631477978618,1.0,1.0,0.17960851502813568,-1.9137086511198544
1.0,0.060968785652888866,1.0,0.8188073124750772,-1.0,-0.2502296408680944,4.162919077161491
0.15537548130070145,1.0,0.3974088258380631,1.0,-0.04598683065354342,0.6850034994893734,-0.05558022204011481
1.0,-0.26560901820728905,0.30646193979763625,1.0,-0.14299065936374833,-0.5312088374166319,1.8943316375765682
0.42059274885132003,0.021607947107499914,-0.7782095216013123,-0.06773032766114262,-1.0,-0.8487935341782236,2.2225122276722065
-0.0021140281936937177,-0.19616424979170394,1.0,0.35142991252270056,-0.34693339147942215,0.3395874013091892,-1.1572743057426225
0.2715331517199764,1.0,1.0,0.6354822245084245,-0.36438566394722044,-1.0,0.505015200934693
0.22906238200879936,0.35587483426539546,1.0,0.5661517475448974,0.01009272118686777,-0.168746670645894,-0.07879336912637694
-0.5551579476240251,-1.0,-0.6723061920036403,-0.9167282902941263,-0.6599261143964238,1.0,1.461446705797127
-1.0,-1.0,-0.19996063153709076,-1.0,-1.0,0.655946258499983,0.3880154385848261
1.0,0.08118770569500877,0.24043008757258266,1.0,0.8264452152117305,0.5784780128026306,-1.9096340219200167
0.017832750893543844,-0.18785315879924144,-0.003672388522740544,-1.0,-1.0,1.0,7.292257722573135
-0.7949232851105587,-1.0,-0.7414878038532602,0.3060097413778833,-0.5914120611667992,1.0,1.8626964849892365
-0.031197343384692156,-0.7773421054901681,-0.09574332585481693,-1.0,0.5826645722732186,-0.6600295242350485,3.7704718417824985
-0.5376982813892235,-0.7879071787723178,-0.5668716074494116,-1.0,1.0,0.7597552243854948,1.829397132203631
-1.0,-0.675263873894888,0.5653389182229542,-0.09911751275724712,-1.0,-1.0,0.3434024465587985
-1.0,-0.37696328060712714,1.0,1.0,-0.8640842735618437,-0.35608115272890317,-2.53895265826731
0.33065453853572224,1.0,-0.49209259638766484,-0.5615265267240654,-0.5555409406149312,0.5148800515972903,4.2149635262864695
1.0,0.33912867065584806,1.0,0.43296238824535016,1.0,-0.680109883901849,-2.7873305653844147
-1.0,-1.0,0.2580775125799193,0.7557688879786517,-1.0,-1.0,-0.12022308834156192
0.3551847404496037,-0.40738210209410175,0.7982663265229916,-0.6547941989438575,-0.02946358089760981,-0.16089612123425956,-0.5111643489931551
-0.30191211616856106,-0.21365199257447565,0.1577649641406675,0.10917073993745469,-1.0,-1.0,1.223864155949816
-0.458053296723288,-0.9008888011600009,-0.39513610485697703,-1.0,-1.0,-1.0,5.287180014415305
-0.15029540210688608,-0.006403521461876394,0.9848388575363882,1.0,0.5079580207174851,0.33977436317707055,-2.0109147797939797
-1.0,-1.0,-1.0,-0.40562920677812975,1.0,-1.0,4.575979439984573
-1.0,-1.0,-0.07564703807560713,-0.4376898995531835,-0.1905882913835405,-1.0,4.368381517134496
-0.23651233799421845,-0.17506712524941032,-0.5194629899102667,0.2793584289805927,0.017730058052938258,1.0,4.068894312406992
0.9015767510179962,1.0,0.7679359713432892,1.0,-1.0,-0.8589817564459518,8.42591165290494
1.0,0.7140124937966388,-0.558345585220722,-0.7211107375993376,1.0,-0.06510218971843518,-1.8358298048332027
-0.29628317523026815,-0.3371373021154074,-0.27824746751032436,0.14505468325183163,-1.0,-0.9462735168256079,0.4491366455224485
-1.0,-1.0,-1.0,-0.5677314420271882,-1.0,-0.4529620120264768,-3.191050689606632
-0.5109771711240527,-0.677606908774155,-0.2814250006516483,-0.3763058254235565,-0.8980077597591123,-0.8527208520283023,1.2735813971504446
-1.0,-0.2180559494771126,-1.0,-0.79517790313845,0.8682067961789086,-0.10757551803813367,-1.590143492703677
-0.4795015324098244,0.005510641431266672,-0.10955764947277613,-0.20611800546943693,-0.0025272105333052908,-0.33894801659034557,-0.22000863323581665
-0.4123675651610321,-1.0,-0.5323840570885452,-0.22217948177109004,-1.0,-0.05859419720759207,-0.4783463838016724
0.5473868593019084,-0.2834764053247891,-1.0,-0.8111892412261942,-1.0,-1.0,3.9151312232002016
-1.0,-1.0,-0.7781132251000464,-0.31237768743929584,-1.0,-1.0,1.53310503619474
-0.9811628078754574,0.2847188231962386,0.11747633435331306,0.12824840657247072,1.0,0.639228668124556,3.065689696266396
-0.7681077463906383,-1.0,-1.0,-1.0,-0.8920292224913634,-0.44639903290232197,0.16289929463358477
-1.0,-1.0,-0.9989732529506414,-0.01708528394929698,1.0,0.22204189608678992,-4.445779698604161
0.4609596379606574,0.25010820993011285,1.0,1.0,0.09009621697182368,0.13466785040994422,-2.0255906562581494
-1.0,0.14775345779914628,0.05269594449765347,0.5577781654717735,-1.0,-0.20924103571635655,-2.6289203813855035
-0.5225549212235958,0.287945575980065,-1.0,-0.04783840326401606,1.0,0.7719072340161774,6.332666099465765
-0.6118500496882511,-0.6286078495574557,1.0,0.32283214230488744,-0.5142881702382449,-1.0,1.3655317740261936
1.0,0.04494071661965582,1.0,0.072751531161994,0.03528175335700745,-0.011368186296599525,0.0565692156574889
-1.0,1.0,0.6868182104725955,-0.7484103562214586,0.7360052334092215,-0.7057851239672882,-0.8378261051592502
-0.6014745534174583,-0.38271106613207023,-0.3985483317971117,-1.0,1.0,0.7260098959685088,3.640907581473316
0.3377929783113961,0.6627783522936778,0.5291822849987163,0.29173506235950464,0.5459183022009917,0.07757614557108146,-1.5241348684409137
1.0,-0.3895259787565306,1.0,-0.7956841134935407,-0.2564234328226507,-1.0,6.119382359841102
0.09663170503775598,-1.0,-1.0,-0.6686194862775248,0.4054364679982907,0.09191815537772696,-2.9285699034153048
-0.7485544667230863,0.14743846810949757,0.2651505234222906,-0.23569573535763705,-1.0,-1.0,-0.9314406242348895
-0.8334809696273519,-0.4959034098850003,1.0,-0.593126097338433,0.2718018836049986,0.5829666935952573,-2.400571115875823
-0.46002037331249457,0.46128361238451004,-0.18346433117881017,-0.19155041270821516,-0.0952656242821065,-0.1245307702183687,0.547253770387327
-0.8939714588579525,0.2644967702834789,1.0,-0.5996049137542356,0.5252140616208526,-0.5759426116313248,0.6118889134633009
1.0,-0.4909230165899761,-0.2547339747608962,0.8321272500857189,-1.0,-1.0,7.502080833877067
-1.0,-1.0,-1.0,-1.0,-1.0,0.23850870646241806,-2.588514053648109
-0.3257760639871674,-1.0,-1.0,-1.0,0.770997731096924,0.38537694100072484,-4.473098507602234
-1.0,-1.0,-0.5800724077694961,-0.9481701767995165,-0.6574500364752773,-1.0,3.669754494911325
0.8419683894889812,-0.8090952754469123,-0.960890491776383,1.0,0.010300146918375774,-0.747105098805024,-1.55678756672465
0.1637774305795131,-0.28961085147949417,0.9273837060115804,0.3928757267944888,0.09193695536071977,1.0,-0.6578813158015715
-0.7965087920446379,-0.289248760377944,0.9917353698673441,0.8112090320525096,0.042379137511991516,-0.08794850685888311,-1.776780495999392
0.11592039737930604,-1.0,-0.519556305398558,-0.3875343515175218,-1.0,-0.38471211593256316,1.0617262849440783
0.46049000705312393,0.5484365567908013,1.0,0.4626251086811751,-1.0,0.6956871729527666,0.11870382577381655
0.8911324617173411,0.10286376938449493,0.28847110978025614,0.3273581589807155,0.6494994985207669,1.0,-0.01197635847406342
0.33708155795335587,1.0,1.0,-0.8381613296751956,-1.0,-0.040058765710518474,-0.8592982022296067
-0.2837910822957045,-0.958970647419276,0.16968944603146818,-1.0,-1.0,0.37788812894197155,3.750331885045197
0.3246765264825331,1.0,0.43650261604419427,1.0,1.0,0.36767423839604463,-2.130846165558932
-0.42178695844994163,-1.0,-1.0,-1.0,-1.0,-1.0,5.871102305883641
0.6049795462239801,0.5869007420391441,0.13886632128604848,0.9341744149091897,-0.3410352638352344,0.5275367562705615,1.6439964977477337
0.5779631721196878,0.7257086069687638,-0.839684260183621,1.0,-1.0,-1.0,7.066598174511905
0.6194538547369507,-0.34097935328282225,-0.354045405297935,0.1589064932332428,-0.01654936278356134,-1.0,3.9722048970857604
0.8614660560114208,0.4500927346625607,0.7119952316882054,0.5843168178709734,-0.18551678421622952,1.0,0.26496765631610786
1.0,1.0,0.3592622131404437,1.0,0.27645345599665816,1.0,-1.0857715242827646
-0.3499836241980615,-0.20351433374999428,-1.0,-1.0,1.0,0.20265397063060198,0.07185904222224956
-0.13300182223601098,0.9477235128950188,0.7010945048063928,1.0,-1.0,-1.0,2.6435411379695335
-1.0,-0.14259689732421132,-1.0,-0.8455716379060552,-0.2320587477374783,0.7237344035220437,1.7105467717012197
-1.0,-0.3484987966708298,-0.04186623213647911,-0.08059692151784681,-1.0,-0.3002912271613141,-2.039411617895141
0.6412236893114965,1.0,0.6285276205459919,-0.2918165234793324,-0.088168767526358,0.6378196003190605,-0.17459835395567672
-0.33959485346889495,0.6933641302321538,0.2635585013052005,-0.10858611002149932,-1.0,-1.0,-1.1633250517111928
-0.028826305835657096,-1.0,0.8978393413325416,0.08298237134425657,-0.6530805904208032,-0.35432893969963675,3.9860248658560873
-1.0,-1.0,-1.0,-0.3755110234955227,-0.661661889260297,-1.0,2.1098028715542725
0.4248698301241147,-0.8166367746765998,-0.6075748791958133,0.38789440621233795,-0.4283145762815959,-0.4250074347701738,0.042847405266255856
0.8390736792509517,-0.44583666024525537,-0.7333541177825081,-0.8230206753025879,0.0036733919734430742,-1.0,3.8128767340655036
-1.0,-1.0,-1.0,0.01958754556332548,0.9128398907100674,0.11812602832213859,-4.927892746611903
-1.0,-0.2502421927173822,-1.0,0.2135276952947199,1.0,0.6045084231597132,1.720957530329678
-0.6854852858325291,1.0,0.5631015589760933,0.061429823655435145,0.04137171021236724,-0.8275837009232849,0.5467629977118508
-0.39354808337825453,-0.25784306718164474,-0.6617740041835993,-1.0,0.7360614048743155,0.4681337888691182,1.1272014568567805
0.7547384863759281,1.0,0.7956797489197366,1.0,0.6217704079398626,-1.0,-1.417941938803863
0.8247249529829799,0.5092336791659118,0.9436127511428176,1.0,1.0,1.0,-4.549070280562676
0.14211540067157102,-0.03252227765224083,1.0,0.9092722081336038,-0.1663872050895352,-1.0,0.917218569060603
0.5221441452553461,-0.2117608627629166,1.0,-0.44505266876848704,-0.4549020508090509,-0.04797553803242249,0.9283353961145265
0.9961676286780292,-0.7345540487979464,-0.013596179579865059,-0.223329001981834,1.0,0.3813983989028783,-2.5890327070821177
-0.5960945635850867,-1.0,-0.9526904897963047,-1.0,-0.5203116029013735,-0.8653845387452345,1.879664488630904
-0.2782416289749946,-0.43782093887856777,-0.4139767087067693,0.2824796383424977,-0.27820479234812934,-0.3789819879913805,-0.41450327867772047
-0.5627354843239253,-0.5722749030136497,-0.5125940320075014,-0.19791166611110428,-0.09553248938291525,1.0,2.2223370148604538
-0.8751276704172718,-0.21048082971735216,0.15413296898700607,-0.9798939648411602,-0.6680678656608963,-0.7194756944358659,1.0618188623029032
-0.4242835490455631,-0.6990450681321092,-1.0,-1.0,0.4819834696801093,0.11951109235625745,-3.309341158166889
-0.03084237071728313,-0.14047462849836023,-1.0,-0.8848826293667986,1.0,-0.8392412366345736,0.9461223080953345
0.5981812867608995,-0.5385669842745171,0.2991722697425163,-0.8330481479181481,0.07840893989033337,1.0,0.22379291437768267
-0.9072530945897705,-1.0,-0.14329927199918147,-0.7863104398059839,-0.3123518515657512,0.827873110932855,-3.303001302627014
-1.0,-0.5707406768469052,-1.0,-1.0,-1.0,-1.0,3.365731140348129
0.036334393569437684,-0.6627054556892369,0.13817134417670218,-0.7452184553870672,-1.0,-0.6002411375622034,4.2451621481614366
0.0713459975827957,0.15729979706999697,-1.0,-1.0,-0.5214759308894339,-0.17618529813258021,-1.299536665852154
-0.45843708053623994,0.6930626542998147,-0.39113161969265897,0.5303856026702926,-0.46807759826827544,-0.24101923609991593,0.27263308410349346
-0.4085798561245326,-1.0,-0.6244145792116224,-0.44228998594372926,0.16076080487031072,0.40650057128446887,-2.4314529125476723
1.0,1.0,0.5028838937186266,1.0,-0.4843163688468578,-1.0,8.602958661843456
0.41661615828698917,1.0,0.5077273933853983,1.0,-0.6776835262013792,-0.6849315308565418,3.8639353630194657
0.7574926833142667,1.0,0.22370052234710813,0.84853194065648,-1.0,-0.08305396239123743,3.312282523365742
0.605962936769308,-0.6702362770931487,0.9106052765598116,0.5804616074292083,0.8985686120803766,1.0,-1.4457704950719608
-1.0,-0.29399762433207466,-0.6009881764905131,-0.3755938953722603,0.5556000387103782,-0.11088557054065801,1.4178750754384357
1.0,1.0,0.3300793681051404,0.24664190454654022,-0.8198161960773807,-1.0,6.470076692306937
-0.3817752442429432,-1.0,-0.2388450957241759,-1.0,0.6305761582600349,1.0,-1.1334050517676113
0.534587853098478,1.0,1.0,-0.2001022978130934,-0.18584972375438463,0.25407105345192016,-1.7534157395870005
-0.21575457665245262,1.0,-0.0841776341294174,0.7361278298577599,0.9226167336846091,0.09577361269345455,1.279764115844063
-1.0,-0.06518443388393888,-0.17933192683581334,-1.0,-1.0,-0.5419245897379976,0.9746860572430083
1.0,0.9425755988981114,-0.37423938265949064,1.0,1.0,1.0,1.5137812457567978
0.25480516786465457,1.0,1.0,1.0,-1.0,0.3375034353371342,-1.6084677921991744
-0.765913562688586,-1.0,-0.315176797141529,0.27750838094867647,0.44811752331925525,-0.3611405787636894,1.4348915159764832
0.090303337515521,1.0,0.2040300716540112,0.9706509441551834,0.2600350450995529,0.6599769862292748,-0.36413498692854407
0.9845970352402533,1.0,-0.23381201680526142,0.38682355999247564,-1.0,-0.8819419052186565,7.022324418209351
0.22068629425220138,0.8338892232072568,-0.6897736767788188,0.7825695254368794,0.2923206475400978,0.19945567399182473,0.5875767324477422
-0.8810416434270784,-0.5983240410578536,0.14431530135521764,1.0,-0.9691493410175795,-0.7197898508166769,-0.44107166392408786
1.0,1.0,0.9821225625253722,1.0,0.9619313982345856,-0.6721301291097037,-6.465445411207737
0.5973600156436434,0.4172917444063067,0.9806150697273885,0.05527710665683916,0.9177606145465349,1.0,-2.437886257184572
-0.34104328880405516,-0.022880628441053208,0.23415797960573367,1.0,1.0,1.0,6.414489676729485
-0.36901420543709135,1.0,1.0,0.8838289657229944,-1.0,-1.0,0.12037631073893651
0.7143770936664146,0.632991252667977,0.25392943117912714,0.715506485227829,0.36036334471713993,-0.07525931749632919,-1.9799433991222322
-0.3293166799071976,-1.0,-0.35347863527777434,-0.9520778641437643,-0.31382840088841246,-0.31777487675150584,0.3004837240212939
-0.4943901939799255,-0.044095071641366834,-1.0,-0.946532253521509,0.0928116138216375,-0.6602164483103977,0.630527509039569
-0.5964173867176226,-0.8906573961076609,0.33574956093020125,-0.4158041538201165,0.9266697213118787,0.9725608949389624,3.103877332558296
-1.0,-1.0,-0.27284498451657524,-0.9246703396470293,-0.9558044049273098,-0.03308034418625029,0.7103574998929931
0.7834369753580429,1.0,1.0,0.2526687700869087,0.14701723656445775,0.29790903852197465,-2.579686822749412
0.6939444580938063,0.3803511335836829,0.9179553387432062,1.0,-1.0,-0.3788367249596891,3.4143337121383746
0.6674010276145845,-0.04239554274447298,-0.27803936461851886,-0.344903942480962,-0.8099137364389177,-1.0,4.294326755729554
0.34053606126974634,1.0,0.3951818279032415,0.7357995255744589,-0.17140775585800583,-1.0,3.3906204052319047
-0.2279957457984485,-1.0,-0.4519510083749453,-1.0,-1.0,-0.5161695743721029,4.0557066300486575
0.30499589518726034,0.8950837490568069,0.6456733292017535,1.0,1.0,0.5154887469126559,-3.1888304524652824
1.0,-0.6145996362550683,-0.264951294823778,0.2359198935523085,-1.0,1.0,6.440517249521996
-1.0,-0.9024418082593237,-1.0,-1.0,-0.9786034250355358,0.5518525265362906,-2.1012557817747184
-1.0,-1.0,-0.831494964531396,-0.6812225584406129,1.0,1.0,2.063020980538721
0.48895198511046634,-0.9406241737670722,-0.5919561810497944,-0.509013631172357,0.06535442378115708,0.081461041500142,-0.9130367572299051
0.5121913717844058,-0.999724670583559,-0.31387976610211155,0.6175752948591627,-0.5489172578103041,-0.7167903403335729,2.236459615282007
-0.5752004931894021,0.4699277958513771,-0.2438674679578868,-0.8339482842211047,-0.02225050304664733,-0.7020439095784119,0.34292082069969987
0.11334005638163958,0.17321380954970472,0.38943700441267676,0.02205592216101704,-0.4711214511595224,-0.8892498711422008,1.4486501090263266
0.5446181014760072,0.3698648041896345,-0.24904044822113167,1.0,0.5823487632845699,0.06591446667576639,-0.686443903713533
-1.0,-1.0,-1.0,-1.0,-0.4110275211963279,-1.0,2.9143388487157216
0.0013897126435825358,0.15837904956324378,0.28363870620991716,0.8840473671964969,0.9600712380822539,-0.08290553926905364,1.8775893929180358
1.0,0.7718975213887462,0.9232233844364303,1.0,-0.5003644713984139,-0.016165269507053104,1.9722530367187299
-0.586671412533086,-0.08704639102939693,0.554285515898261,-0.6770618130042536,-0.43125438849883935,-0.441784357355448,-0.15610095435789206
-1.0,1.0,-0.7333774779014547,-0.47368526586473914,0.5998968225807143,0.06208482515900915,2.8459397568601563
1.0,1.0,1.0,1.0,0.2983258510655826,0.05048173732105499,-4.269093938053107
-1.0,-1.0,-1.0,-0.5424115102473273,0.8514198769524481,0.6861796568669865,-2.9597543403162545
1.0,1.0,0.28499805321730776,0.7047472767736902,-0.5511067789619624,0.6480977384962474,2.9196128268771275
0.370693051245081,0.6000777916495172,1.0,1.0,0.8297159561309578,0.44671413583811614,-4.433164446576091
-0.8524191351089746,-0.014784188932751241,-1.0,-0.704529761084854,-0.2225218892529739,-0.6357247713592007,-0.22865340259754902
-1.0,-0.7260996244212622,-1.0,-1.0,0.24415697153905613,0.8131026781863193,-1.419584087029958
0.006099320577921452,-0.5221756458827496,-0.5558994274281116,-1.0,-0.0025209913828194708,-1.0,3.4618050302269148
-0.7854348802701563,-0.8570084733026098,-0.5478083544197272,-1.0,0.2634100672776688,0.6094720509942121,-1.8514878444423561
-0.3871250310342898,1.0,-0.15473581318805485,1.0,0.8705895264152341,0.09680153392274646,0.3078520190620643
1.0,1.0,-1.0,0.27132952296138946,-0.6442746335912,-1.0,6.8205210578973645
-0.16701936416602337,0.4693812179471447,-0.9139545727672775,1.0,-1.0,-0.9859164814703549,2.530136175490705
0.043392575214593276,-0.5811794261050929,-0.8671159874500058,-0.19864561030670702,1.0,1.0,4.385353753364873
0.5960021502148258,-0.24102333300336332,0.42672056364474353,0.9056262088707546,1.0,-0.4796917103286838,-1.108276393584157
-0.9175249125256495,-0.03240094885906741,0.11018183011177679,-0.6472386146876855,-0.3488317122452249,0.4767821923666418,-1.2905220830491027
1.0,0.08694535704817863,0.7749126617545088,1.0,1.0,1.0,-3.7720899539350885
-0.8708231564164343,-0.8542989964092329,-0.05272706235515301,-0.6847540598677184,0.6612720452843943,1.0,1.2472873662715018
1.0,-0.390829676491255,1.0,0.35763801047711324,0.07563576649872794,0.21881641099133015,0.15582306815807417
0.7138496136735561,-1.0,-0.8093385295518072,-0.6685653782153635,1.0,0.10713213069662975,-5.373672947372149
0.644890462961385,0.8033338834110009,1.0,0.7575483356168485,-1.0,-0.11099854045873214,1.4360481834196008
1.0,-0.6673074303476808,0.630474139600776,0.19670244521053648,-0.16729399872601292,-0.0963107842949974,0.4834580346888202
-0.35411057885075126,-1.0,-0.4617951066660668,-0.637648810950151,-0.23912051495768183,0.8731206600504172,-0.21589035873821555
0.2897397100591267,1.0,0.5279396114881619,0.9660276427376783,-1.0,-0.04643618726111809,1.5753754571627563
-0.6802614553205364,0.9320310184953279,-1.0,0.33520270491423576,1.0,-0.27512720000755886,2.12369676957965
-0.6528852587387977,0.31509164094785547,-0.3475421096935718,1.0,0.8334961347799854,1.0,5.4422337020818
-0.25654102904604636,-0.8798799089488353,-1.0,-0.018244909239599316,-0.35988667051809353,0.6639105589740035,-0.2509060208910544
1.0,0.13084093875102765,0.9773129814946713,0.8570340733206339,-1.0,-0.7262304936471964,6.9304234361831565
-0.7388321819322957,0.4992288890620974,-0.20365143944810543,0.5035837034227137,0.35282975787923404,1.0,3.183322883491506
-0.8461046477714232,-0.4460312755639675,0.3128152835369902,0.26298114328812755,0.1442513060620057,0.8449461755959413,0.6337270226467401
-0.7134405765582761,-1.0,-0.9906565287176621,-1.0,-1.0,-1.0,5.00603088784296
-1.0,-0.08498448087335397,-0.06032300177574568,-0.5184561630112088,0.9797717859296319,-0.2507644840820798,3.223357210652056
0.8383470184755847,0.23162402648812253,0.09438764476011927,0.013665293616911045,-0.2955361916182524,-1.0,5.385254437757217
0.45085604684572944,0.6444293514009694,1.0,1.0,-0.46182493370855243,1.0,-2.536889235451847
1.0,0.5113761076027532,0.13699867438398172,-0.08404610271171573,0.04383418158618396,-1.0,4.159176368990583
-0.692358713684081,-0.4198957298520834,-0.8055416104750519,1.0,-0.5849074535511116,0.5530251345042828,-1.0667932940699525
-1.0,-0.9040125939943846,0.2839554411958295,-1.0,-1.0,-0.4925335750495865,4.311287932796538
0.696839913410318,0.7130819334510231,-0.14256200934673152,-0.026637682345702074,0.024828789104599847,-1.0,3.0327708326704204
0.8221921977304948,1.0,1.0,-0.35941427950672,0.7167132176523177,-0.19649788948147212,-3.1446968180125725
-0.9791968856389375,-0.050434616979759664,0.37749543271818065,-1.0,-0.011654292859322568,-0.707984113411489,2.196093093372389
0.17011206460258355,0.8672139400802716,1.0,0.37183257845092044,0.2561553851994337,-0.0502308314460983,-2.093975698580119
0.4286697091193578,0.5345760994042006,0.7063715301126766,0.8608091507592156,-0.24259093366792417,0.5747430605623918,-0.006751683505666239
1.0,0.3720946653497934,-0.980078257944675,1.0,-1.0,-0.24931811256282055,3.867127570980721
-0.9455578140601623,-1.0,-0.7976866559834047,-0.232264280430665,-1.0,-1.0,0.21818057315908082
0.7099440660141003,-0.1305849897980687,1.0,0.6341432423406743,-0.887777718234168,-0.6019765496884173,3.7943254458420697
-0.3967581948495,-0.6921467224279748,-0.9436633830477311,-0.4236666701820705,0.3068419901054412,0.7262987053660952,2.5224275487045515
-0.11288951097159328,-1.0,-0.07741050156560181,-0.2741689949282735,0.1954303431234783,-0.8298809269349906,2.6844223615179104
-0.24267569649420062,0.5921715661162,1.0,0.10352074279761803,-1.0,-0.6617771770693446,-1.27967062640268
-0.036412436294559036,-1.0,-1.0,0.4552242509864837,0.9551143990802902,0.9625166146725435,3.615648066737689
0.782117696440966,-0.09530033162441892,0.9523573241310788,-0.7248002993249397,0.15425639847927308,0.3920354879167556,-1.8843596600647836
0.45635171778837014,0.2557047751647171,-1.0,-1.0,-1.0,0.5064366248937737,3.268219824346507
-1.0,-0.8848381517041031,-1.0,-0.7728270824550599,0.5476235428296461,-0.3384639595454365,-4.172819551781606
1.0,-0.3333669981745647,0.8848712381158877,1.0,-1.0,-0.04060649297258956,4.503286772714252
0.13759763142232784,-1.0,-0.36774451434984434,-1.0,1.0,1.0,0.49598306645662615
-0.7289068542434274,-1.0,-1.0,-1.0,0.14191639389602684,-1.0,2.656377294425388
0.13923019625451422,0.359174251821171,-0.8930841478999052,1.0,-1.0,-1.0,2.2462907248969395
-0.49237025792053024,-0.8583940549289677,0.32118939962060084,-0.023747099639224334,0.7915144935715779,-0.03555475477097081,1.2557142912755923
1.0,0.4531956629769027,1.0,1.0,-1.0,-1.0,8.475476909297969
0.2268683407590859,0.0647966119572998,0.20461373134011973,-0.25052265030343457,1.0,0.6949428364995218,0.9408921814093646
-1.0,-0.6793464098715156,-0.4998697741571879,0.275412462104639,-1.0,-1.0,-0.4977167575839153
-1.0,-1.0,-0.22731061821830056,-1.0,-1.0,-0.6378128147310465,4.142091572882306
1.0,0.8277115203779917,1.0,1.0,-0.7165380896753863,0.4684786643239758,1.6340036547386134
0.24937715775749458,0.753846923540272,0.22199139471145468,0.6095867660454921,-0.0674883535425155,0.09351993222211286,-0.16390558825358523
-0.6973723679064818,-1.0,-0.07337471121428879,0.16764188140954128,-1.0,-1.0,1.3740251695136707
-1.0,-1.0,-1.0,-0.4939102262739179,-0.33674101238207454,0.8630606877022349,-1.6849599770885928
0.5853730451604124,0.20839391965204945,1.0,1.0,-1.0,-0.34997091919081114,2.188301191828451
-1.0,-0.7249833208496019,-0.5630781727710178,0.034809239760759336,-0.8443089824036699,0.6872862421721877,-1.7049783715576277
-0.9499405163663462,0.32975255432143113,-1.0,0.3195225433351662,1.0,0.054311883585335785,-0.7747894397082677
-0.02537100282340904,1.0,0.33272573266639716,-0.4635288378899404,-1.0,0.3925008956511131,1.2488479571569244
0.47311548835441297,-0.4403199143015411,0.3780843222173458,0.5075491997179176,-1.0,0.6363889183647193,2.33817977363787
-0.4852125426803151,-1.0,-0.32378374394516585,-0.8987939829748732,1.0,-0.13511560445156107,0.8588337112575546
-0.6005570148435543,0.23199040598662535,0.7367953426444198,-0.28429970489988476,-1.0,-0.03399039967872697,-1.2699262198849437
-0.2442009556388134,-0.3041999128621611,-0.12486617899480046,-1.0,0.7534842147595029,0.4954007129783225,1.3718136098987517
0.5008129080375772,0.934171415552695,0.3968194311050666,1.0,-0.6299874893719828,0.8845957202828028,2.6771624242163146
0.5402904534843926,0.5081662369773701,1.0,0.11731701293078009,0.6470932900527393,0.5026184491876733,-2.643033611582013
-0.8937394804716933,1.0,-0.10217760400259135,-0.3810828620550968,0.9651716756820664,-1.0,4.996118847677379
-1.0,0.17100325946937905,-0.759946914089834,-1.0,0.6247091261894185,-0.5653838421404094,2.029619952899859
0.6474673012302246,-1.0,-0.4931236484151466,0.3691588581691963,-0.625851098467904,-0.7778998498542476,2.9514247173651182
-0.24482490829011466,-0.2320548192250136,0.8254057010066546,1.0,0.7199231746167299,-0.2723216358377293,-1.2141505535527906
-0.5575454485833197,-1.0,-0.5046683068022354,-0.027264564770682398,1.0,1.0,4.833852739101927
-0.7864763631626868,-0.878259466432934,-0.7773991782138695,-0.24380443241927252,0.5765257922655935,1.0,2.860804815219249
-0.3689010613355438,0.5990812388306782,0.1359374138634727,-0.11101069398480368,-0.5628150621787045,-0.4532048125026511,-0.5489675369904798
-1.0,-0.6542239103688599,-0.4482330271489349,-0.5288557722479713,-0.13932536301499887,0.8984242411294892,0.308085785831107
-0.7313097481176196,-0.5237399521607192,0.5515440513465286,-0.11656347588293092,-1.0,-0.05770755399529315,-1.0879789250108582
-0.4334167403580085,-1.0,-0.20952063400365817,-0.3511653374508523,1.0,1.0,2.7601286436900168
1.0,0.9890633808169582,0.31232685134289184,1.0,0.2186947737689891,0.45590626026934306,-1.4351731940829586
0.689035213810202,0.5284866668389492,0.516824426675663,0.8097083956630944,-0.6000578127876117,-1.0,6.710318717327777
-1.0,0.21249165886819246,-0.7420097149770485,-0.0983897795578007,1.0,-0.8317031588552701,2.8766165438080575
-0.6172595416149304,0.29849451589840564,-0.6044392144105092,-1.0,0.3069402010123683,0.2645247815327254,0.23554906810026283
-0.03263717616516659,0.828810476917949,1.0,-0.20847194607656605,1.0,0.041999486329101776,-1.478958626345969
1.0,-0.19882180309577913,0.3423448093756225,1.0,0.3232749256192224,1.0,0.7127672310051799
1.0,0.5866487314392564,-0.32869179259057796,-1.0,0.09684694946429073,0.4233773400193401,2.050021273270663
-1.0,-0.7391074063209013,-0.4968414831754817,-1.0,-1.0,-0.5751796961189628,1.1253377684144916
-1.0,-1.0,-0.5061269393783104,-1.0,0.15619600207904216,-1.0,3.934373325112656
1.0,-0.3519127313952055,0.15889723133085076,0.7721335162327081,1.0,-0.2915967876104596,-2.170289966575922
-0.4203814562389527,0.3650229142860738,-0.89297532134878,-0.7134077250590098,-1.0,-0.7684499426689999,-0.7081374812143851
-0.08432971697392255,-1.0,-0.6939325632038353,-1.0,-0.8921919907170766,-1.0,7.2679803319695155
-0.7002315597976472,-1.0,-1.0,-1.0,0.5178243828601039,0.7029401584811908,-4.516458934439095
0.5814628410395942,-0.1306686805815035,-0.20964709902408624,-0.09410684333395863,-1.0,-0.22688784051353306,1.4179319436675026
0.48148152710757885,-0.46031535095100196,-0.3765818099937704,-1.0,1.0,1.0,2.6850483989366376
-0.6565569319707931,0.9748191465229066,1.0,0.31240532208480665,0.8067464563052194,0.9203570257033376,-2.4075343140100856
-1.0,-0.07575888203313719,0.5208285860943471,-1.0,-0.9809235439583054,0.919174481599456,-1.8644692029582433
-1.0,-1.0,-0.01279184867213412,-0.46797402146540223,-0.8884047681127506,-0.06404013254797106,-0.5386744501623827
-1.0,-0.15565254873727918,-0.7464530124781406,-0.4769236452190921,0.08744624568219772,-0.4699581160362305,0.6110219502993277
-0.20408563049773532,0.21312012742739117,0.45051905554831695,1.0,0.9087544052873607,0.09664988920310003,-0.5265022183201602
-0.6446984740765989,-0.7643680308596302,-0.8899220914291943,0.32146622549936266,-0.03436636516858993,-0.6440147439396728,0.40534544179376775
1.0,0.9051855377483312,0.3072243916822275,0.7946372363409051,1.0,1.0,-0.9299113017423718
-1.0,-1.0,-0.38074371030930354,-1.0,-0.387773201215577,-1.0,4.313639358742064
1.0,0.5098552352369767,1.0,1.0,-0.9955249495804555,1.0,2.7785417062976747
1.0,0.2978358409278917,1.0,0.8985535382225914,-0.2758330422111014,0.5734049910810207,-1.0612986080352917
-1.0,0.7991047911695331,-0.9767024275953664,0.2619472356891441,1.0,-1.0,7.737840367036612
1.0,0.03433222683430176,0.07529524746741262,-0.06431034322553408,1.0,-1.0,0.11248819591035891
1.0,0.2814482631404241,0.9189961822988215,1.0,-1.0,-0.2590323773937281,4.132296922811008
-0.19801754651754488,-1.0,0.21103765733297697,0.2764473039107978,-0.8324620742393718,-1.0,2.883334008588213
0.4375844323688994,-0.08995358634259887,0.636732835900717,1.0,0.8931859655453775,-1.0,0.17524177741047633
-0.6388819602642712,-0.29067055893881777,-1.0,-1.0,-1.0,-1.0,2.691569095640109
0.745074139010423,1.0,0.48924717153428854,0.8270354214701847,0.5916653466028348,-0.2324636970712508,-2.784849905270955
-1.0,-0.6234846382391545,-1.0,-0.8983266287005697,-0.9615586425197069,-0.08471689013410844,-3.480604785701326
0.6491713712842152,-0.08923938275170284,1.0,0.3071505389820036,1.0,0.8370781181925349,-4.2862852175385635
-1.0,-1.0,-0.6229423976773776,-0.773896943298008,-0.8627411814058843,-1.0,2.647524835275076
-0.3611959564572462,0.08509196809102071,1.0,0.4602250497103546,0.43163645008101215,1.0,-1.5659764640152
-0.43982239933598843,-1.0,-1.0,-1.0,-0.612094672920375,-0.8792512359200199,2.289197586459638
1.0,1.0,0.07144376750879067,1.0,-0.06715635985466806,-1.0,6.688269985811058
-0.03636581004824835,-0.27885732286925435,-0.062271499564911625,-0.6631233568002972,0.9814165160147403,-0.551973144936151,1.5985209847791542
-0.21639633227786378,0.5353443128722901,0.18513600596588461,1.0,0.042832415090459985,1.0,1.1930599871132255
0.7540280968751714,0.47715424153375396,0.24176446072491498,0.17886297323947342,-1.0,0.40205881287719814,2.665338034992218
-0.47799253609825254,-0.10017426104789665,0.11879962574252279,1.0,0.9334047205578551,1.0,5.894511890093965
-1.0,-0.9471253918859595,-0.8994908105819635,-0.1115304376976583,1.0,0.8200837413485227,0.9198922869153983
-0.6765642906971683,0.00641228784037709,-0.4851573886567446,-1.0,0.28487093992897883,1.0,3.5778738616538455
-1.0,-1.0,-0.814987662823102,-0.8523388338936813,0.4221059793279289,-0.20783786253673509,-3.6578016903500443
0.3233405870549947,-0.6227632721226859,-0.34371166490988186,-0.9211257347307098,-0.29371685115042445,-0.6551208879656424,2.5743262205192847
-1.0,-1.0,0.9513594081053319,-1.0,-0.27631961667135413,0.13665610897494362,-1.9651829908705363
0.549775300987722,0.2789047724724892,0.12966617868210117,0.8961481476979857,0.6298829136302256,1.0,1.5462556643388303
-0.25903895629310064,0.8052875380364605,1.0,-1.0,0.4955010602560158,1.0,-1.2822705525056064
-1.0,-1.0,-1.0,-0.206706048875819,-0.5879919142702814,-0.4127713676983582,-3.348022578978556
0.1014670094346608,0.014228690344197395,0.3576251425278024,0.6848521036255788,0.8840764166170941,0.628206182373461,-1.2585688179192798
-0.46834469325644795,0.2976168441120062,1.0,-0.5275902871142065,0.6910459145391005,0.07926058714737216,-0.22481918520741442
0.6552482746693501,0.36030090689666006,-1.0,-1.0,1.0,0.8522521683111632,2.3429318368253265
0.35305135447514335,-1.0,0.4656815660003333,-0.3341057740599377,-0.6617686587248726,-0.16490625977128415,3.2111624529052474
-0.8083242435855813,0.2407068186236515,0.60183087793805,-0.8077343018117741,0.9264189896340079,-0.23089131091582324,2.101527959237643
0.9381219998607616,1.0,0.7139232003070097,0.738406536962855,-0.6946667919484353,-0.8157277963289469,5.462708260127728
1.0,1.0,-0.6880375683724296,1.0,0.9942189992150072,0.6864830707605507,-1.7599130055823888
0.9804464390595742,1.0,0.35738696593804653,0.5803134113751924,-0.6705134459633254,0.700060127101039,1.6940490929959293
-0.5117358405635982,1.0,0.2857997959667484,-0.9668799375735306,-1.0,-0.8423923356157793,-1.0865514731565566
-0.86074739833259,-1.0,-1.0,-0.902642733798285,0.7837467806742083,1.0,-0.9111101570222432
-0.33597732851965256,-1.0,0.0701166604953325,0.09912197496777025,1.0,0.5233421895943551,1.5693301776590398
1.0,0.6169635980442505,1.0,1.0,0.24784675651177948,0.5049095224080884,-4.271996511122507
0.9607846563902144,-0.8372397085691107,0.7973284570009374,0.9033345328152692,-0.74974734694315,0.07484584898606794,5.312261785505862
-0.7630677394073763,-1.0,1.0,0.11958521607577743,0.3797460064631357,1.0,0.8128189654768084
-0.23827036707934524,0.1470992894796468,-1.0,-0.8143503036714999,0.3995614828678751,0.9526263278688584,5.884633479601991
1.0,1.0,1.0,-0.37310674465107674,-0.3947459674894326,-0.6147870613541837,0.5768494417194729
-0.10409198813299647,0.09866393864468681,-1.0,-1.0,0.7682360306639142,-0.9759404581485758,1.9293523336262108
-1.0,-0.9465350381866848,0.3543398711003415,-0.35207635606138,0.28315295988072403,0.08832545364870703,1.0551325422305518
-0.5818099042075472,-1.0,-1.0,-0.386437604420811,-0.10492632471779283,0.1469178102535365,-3.2038380026760676
0.13996356143253535,0.05466756720149002,0.20781875421975504,0.2099198169810091,0.07574872132909805,-1.0,3.3714911646288606
0.6183629482303512,-0.48965377661127896,0.7060700396536651,-0.6627353554309071,0.667735764534227,0.983005451924099,-2.5305476751511096
0.4886574936164564,-0.9482812601479385,0.11878398946885449,-0.4086981922051032,0.13276750808499932,-0.09015124563088359,-0.24640050145879583
0.25272322699314254,1.0,0.010264263883496438,1.0,1.0,-0.1105502922828693,-0.6589556841571695
-1.0,-0.21290325165450308,-0.5665239283103736,-0.30918229380536383,0.653209681114409,1.0,5.480168196867028
-0.40250472514457347,-1.0,-1.0,-1.0,-0.263244139515842,-0.7627598800635245,0.18464029009080002
-0.10558906253025169,0.07527548472012502,-1.0,-0.17788553274484328,-0.32491224998388063,0.614914162319133,2.981125476837655
-0.9695592629172753,-0.4200656029381795,-0.9316207419504804,-0.3423767472377748,-1.0,-0.4806140167397768,-2.343953535238137
-1.0,0.20654765846424633,-0.06470237258786649,-0.478602296777611,1.0,0.46766852452381114,4.733987476674024
-0.7015187553192412,-0.8501878902842746,-0.3226874653296621,-0.9450849073052462,0.0846991271083063,0.7988866631630243,-2.146144967545509
0.37756417882195203,-0.4682234518978172,0.8161141568433472,1.0,1.0,0.9601599091198925,-1.043397872121922
1.0,0.8660354339528099,1.0,0.5039357472960266,-0.33195139440539806,0.3509970459474875,0.44821341657321345
-0.8170187231645917,-0.5674178578793888,-0.23715300084382263,-0.3796683765391654,-0.016103627187367964,0.588877921740683,0.15053886415135725
-1.0,-1.0,-1.0,-1.0,0.5601943931933975,0.4114659618061527,-7.838966946669217
-0.32173011943218555,-1.0,-0.05917007308498223,-0.34075842187467775,1.0,1.0,2.6545827027753046
-1.0,-0.3226384263943829,-0.5701825857449607,-0.7673180887653036,-1.0,-0.3693179834738184,-1.6459624790633793
0.19302169134172947,0.07672903158311706,-0.22442968996007195,0.49457189643481003,-0.27907230235184816,-1.0,2.6521636676995564
-1.0,-0.7568032268168171,-1.0,-0.8161934845400413,0.03706232070752091,-1.0,4.327554965725125
-1.0,-0.14479265365666438,0.741958629749052,0.27974973935204095,0.1939314054015302,0.8086437167560647,-1.7564621700448348
0.9798976540572184,0.017790349147885978,-0.6360009166769132,-0.028331860637496348,0.04409489894219124,0.3740293821320738,-0.44292716141980537
1.0,-0.05344382435867173,-0.11332698718626089,0.9373611699360122,0.11725804931218353,1.0,3.1432476906355222
-0.3019291983663974,-0.10998106187158663,-0.7451393397385533,0.19745191290297948,-0.8039493821849377,-1.0,1.241859994887913
0.087901204224271,1.0,0.5930569208587987,1.0,0.40611319127973955,-0.08692912934786912,-3.4437291688323146
-0.2444758170173208,0.23954016561136518,-1.0,-1.0,0.9832846298865832,0.08550679456113075,0.7861488607047046
0.720554470485057,-0.514114571728033,-0.7838330170501735,0.506426296453867,1.0,0.11364729290695164,-2.5813940993896605
0.026905893068585263,-0.6382723771230123,0.8348702500009716,1.0,-0.29235500551219706,0.13397993897497132,-0.18381040476102897
0.27210742965724916,-0.18755427039563716,-0.2616282810892784,1.0,-0.8754540516867436,0.4777535467437851,1.6524214894705158
-0.12115447861374817,0.35497530949445144,0.951085244180819,1.0,0.24644919922782282,0.604300529269565,-2.0379044376470494
-0.8201342806776796,0.5117280237783117,0.16055941316537004,0.45437935289201203,1.0,0.6252686229436688,3.3623418562067267
1.0,1.0,0.021149511132032117,1.0,0.07704894795040262,0.8430100423974843,1.7347861066603303
0.45265531754478827,-0.7061228831917712,0.15696304758839225,-0.8700054361779638,1.0,0.8802723806555746,-0.42450457039619577
-0.9673921766571244,-0.9866461759665108,-0.3035997000006422,-0.19465327169756874,0.7977500126370075,0.16071285346339947,0.7331977989748066
0.5198893712635182,0.48164180100841936,1.0,0.5870910373315648,0.6839244338255954,1.0,-2.0066547557288192
1.0,-0.3087267942181028,-1.0,0.6449494946672261,-0.2664826570640021,-1.0,3.9903931360155287
-0.8044922219160215,-0.1026367944202708,-1.0,0.08158848079375097,0.5212614845801917,1.0,8.293391018651793
0.1996492036124919,1.0,-0.2663653689928397,1.0,0.07933584459300994,-1.0,3.4871202554614045
0.9919360573574032,0.3879652836375571,0.7705552057718726,-0.8310031397435156,0.4009305116488753,-0.3033863368289028,-0.6955622318350254
-0.7480372488238398,-1.0,-0.13202818650916093,-1.0,1.0,1.0,2.0842135950202327
-0.9918592447344106,0.7031278543838259,0.6499380509738176,-0.16671876410309155,-0.7328162353059724,0.3583618631789206,-3.090906041985622
1.0,1.0,-0.11239462167529901,0.9768616288035349,-0.004333762693036203,-0.433680284284919,2.8342302337201373
-0.7298856901976436,-1.0,-1.0,-0.5647275175090661,-1.0,0.4696602834853093,-3.3923432974430576
1.0,-0.09146549356237882,0.8754977027856732,1.0,0.12978459727292124,1.0,-2.9182486687142632
0.6530763685328329,1.0,0.25601091653487984,1.0,0.9015373545655443,0.718246921464504,-1.7880916530936153
-1.0,-1.0,-1.0,-0.5383243217579641,1.0,-0.07117462557650045,-5.3415653883254235
-0.7603045187852439,-0.8356410136286159,-1.0,-1.0,-0.5505914882191097,0.4329030617700178,-3.0291930983715187
-0.6522472952825333,-1.0,-0.684734168756571,1.0,-1.0,-1.0,-2.949284146098036
1.0,1.0,0.7745284802399305,0.8469662002893079,1.0,1.0,-5.986296259856818
0.6763558080855624,-0.8779780443286646,0.5459331003444816,-1.0,0.05838625697038646,-0.7006349358583833,6.042057309391611
-0.47217297911868306,-0.5398986987776351,-1.0,-1.0,0.9736165161273783,-0.5488969833570536,0.22354302703858794
1.0,0.8020715260102653,1.0,0.8967049712444253,0.45075322125454714,-0.11575516055045956,-3.3618562198762247
0.8159192135463015,-1.0,-0.1498898624851116,-0.20048313638811222,-1.0,-0.18959291899586556,3.7113152382544135
-0.32256982810825385,-1.0,1.0,0.2452212330799635,0.49125470993446685,0.733061584875808,0.9240985806085393
-0.725528593580332,-0.15903202598165517,-0.842558975279303,-1.0,-1.0,-0.5848808408117079,-0.43613493127170144
0.09494328280824704,1.0,0.31447164864358534,1.0,-0.6661048207380031,0.40753276421393625,0.4307092421673907
-1.0,-1.0,-1.0,-1.0,0.578622000848201,-0.7673986806687954,-2.031140078767624
-0.43643341180351225,-0.10268181736097426,-0.3965604282591477,-0.698165203948915,0.49144188102012065,1.0,3.6241836364128286
-1.0,-0.9158876675725479,-0.8764340854987118,-0.7562023032453579,-1.0,0.5151474587492038,-2.369363912239122
-0.7758610533675465,0.19806602914213922,-1.0,-0.4471428736202909,-1.0,0.2774652534411854,-2.45287650753936
1.0,0.4949040484177678,1.0,1.0,-0.11120752027023195,-1.0,3.9634462628306446
-0.025285168613106146,-1.0,-0.7030395030288954,-1.0,1.0,0.7181177246790152,-2.5174327947203907
1.0,0.525990634613317,0.782358543085186,0.7207227371574685,1.0,0.07367851948224091,-3.746744572010238
-0.6523859966053571,0.7197572530735137,-0.8504871929949391,-1.0,-1.0,-0.7501747681285349,-0.13215892379576577
-0.3681217215906376,0.180293319073065,1.0,1.0,1.0,0.2639180515303139,-2.071819910107102
-0.6307642213596,-1.0,-0.10420055601569106,0.45641853779451796,-0.07361275360723418,1.0,1.8936853252814232
-1.0,-1.0,-0.35708185041168194,-1.0,-0.5729399234081298,-0.45870410799597594,0.7704627941772192
-0.15645609680505193,1.0,0.3925474429264157,-0.3248796123923541,1.0,1.0,5.024102795688553
-0.6058192503593809,-0.1652858429668323,0.36403338342794034,-0.6488267601670865,-1.0,-0.05091650686338545,-0.023036127527934824
0.7628182190233805,1.0,0.8255125392455243,1.0,0.6778028097798032,-0.10185809326574086,-4.722384801936953
-1.0,-0.2754438011309777,-0.05111872592668787,-0.8396404340523518,0.8465811780123287,0.036873810181174416,4.4189856697873875
-0.8580849972040153,-0.3526614308222724,-0.3910670342630589,0.3381622351549274,-0.6578780494751227,1.0,0.9041832027088784
0.1469340988045882,0.9646920288038159,1.0,1.0,1.0,1.0,-5.342267941273209
1.0,0.2058680124483192,0.9932391466481314,0.5440422810891299,-0.9085151523223223,0.26325489056136603,2.0813861144896855
-1.0,-0.4975721058796706,-1.0,1.0,-0.8590923477996533,1.0,2.779929896766096
-0.22483975057565375,1.0,0.31979218556873257,0.9814010558825145,-1.0,-0.0961341503479646,0.1812448810293631
-1.0,-1.0,0.3244842734246999,-1.0,-0.9148275132093033,-1.0,6.672805942433852
0.7761509542155278,0.20544805510243602,0.9669529805347447,0.371736435056383,-1.0,-0.3051959723620561,3.444566250506404
